Country,demo_Total_Population,demo_Population_Growth_Rate,demo_Birth_Rate,demo_Death_Rate,demo_Net_Migration_Rate,demo_Median_Age,demo_Sex_Ratio,demo_Infant_Mortality_Rate,demo_Total_Fertility_Rate,demo_Total_Literacy_Rate,demo_Male_Literacy_Rate,demo_Female_Literacy_Rate,demo_Youth_Unemployment_Rate,Country_norm,econ_Country,econ_Real_GDP_PPP_billion_USD,econ_GDP_Official_Exchange_Rate_billion_USD,econ_Real_GDP_Growth_Rate_percent,econ_Real_GDP_per_Capita_USD,econ_Unemployment_Rate_percent,econ_Youth_Unemployment_Rate_percent,econ_Budget_billion_USD,econ_Budget_Surplus_billion_USD,econ_Budget_Deficit_percent_of_GDP,econ_Public_Debt_percent_of_GDP,econ_Fiscal_Year,econ_Exports_billion_USD,econ_Imports_billion_USD,econ_Exchange_Rate_per_USD,econ_Population_Below_Poverty_Line_percent,energy_Country,energy_electricity_access_percent,energy_electricity_generating_capacity_kW,energy_coal_metric_tons,energy_petroleum_bbl_per_day,energy_refined_petroleum_products_bbl_per_day,energy_refined_petroleum_exports_bbl_per_day,energy_refined_petroleum_imports_bbl_per_day,energy_natural_gas_cubic_meters,energy_carbon_dioxide_emissions_Mt,geo_Country,geo_Geographic_Coordinates,geo_Area_Total,geo_Land_Area,geo_Water_Area,geo_Land_Boundaries,geo_Coastline,geo_Highest_Elevation,geo_Lowest_Elevation,geo_Forest_Land,geo_Other_Land,geo_Agricultural_Land,geo_Arable_Land (%% of Total Agricultural Land),geo_Permanent_Crops (%% of Total Agricultural Land),geo_Permanent_Pasture (%% of Total Agricultural Land),geo_Irrigated_Land,gov_Country,gov_Capital,gov_Capital_Coordinates,gov_Government_Type,gov_Suffrage_Age,trans_Country,trans_airports_paved_runways_count,trans_airports_unpaved_runways_count,trans_heliports_count,trans_roadways_km,trans_railways_km,trans_waterways_km,trans_gas_pipelines_km,trans_oil_pipelines_km,trans_refined_products_pipelines_km,trans_water_pipelines_km,Region
AFGHANISTAN,39232003,2.26%,34.79,12.08,0.1,19.5,1.02,103.06,4.53,37.3%,39.4%,7.2%,20.2%,afghanistan,AFGHANISTAN,60.8,20.24,-20.74,1500.0,13.28,20.2,5.09,15.1,-15.1,7.0,21 March - 20 March,1.48,6.98,76.814,54.5,AFGHANISTAN,97.0,776000.0,2096000.0,0.0,0.0,0.0,34210.0,80193000.0,7893000.0,AFGHANISTAN,"33 00 N, 65 00 E","652,230 sq km","652,230 sq km",0 sq km,"5,987 km",0 km,"7,492 m",258 m,1.8%,40.1%,58.1%,11.8%,0.3%,46%,"24,930 sq km",AFGHANISTAN,Kabul,"34 31 N, 69 11 E",Theocracy,18.0,AFGHANISTAN,29,17,1,34903,,1200,466.0,,,,Asia
ALBANIA,3101621,0.19%,12.48,7.36,3.22,34.3,0.97,10.54,1.55,98.4%,38.8%,6%,27.8%,albania,ALBANIA,40.82,15.27,8.52,14500.0,11.82,27.8,4.19,2.0,-2.0,84.06,calendar year,5.61,8.0,103.52,14.3,ALBANIA,100.0,2531000.0,9000.0,16100.0,5638.0,3250.0,26660.0,42050000.0,3.0,ALBANIA,"41 00 N, 20 00 E","28,748 sq km","27,398 sq km","1,350 sq km",691 km,362 km,"2,764 m",0 m,28.8%,28.2%,42.8%,22.3%,3%,17.4%,"1,820 sq km",ALBANIA,Tirana,"41 19 N, 19 49 E",Republic,18.0,ALBANIA,3,,,3945,424,41,498.0,,,,Europe
ALGERIA,44758398,1.27%,17.84,4.33,0.81,28.9,1.03,19.22,2.47,81.4%,41.3%,0.7%,31.9%,algeria,ALGERIA,487.72,169.91,3.5,11000.0,12.7,31.9,55.19,9.6,-9.6,27.5,calendar year,41.78,44.32,135.064,5.5,ALGERIA,99.0,21694000.0,0.0,1414800.0,627900.0,578800.0,82930.0,87853976000.0,151.0,ALGERIA,"28 00 N, 3 00 E","2,381,740 sq km","2,381,740 sq km",0 sq km,"6,734 km",998 km,"2,908 m",-40 m,0.8%,81.8%,17.4%,3.2%,0.4%,13.8%,"12,605 sq km",ALGERIA,Algiers,"36 45 N, 3 03 E",Republic,18.0,ALGERIA,67,82,4,104000,4020,,16415.0,7036.0,,,Africa
ANDORRA,85468,0.11%,6.87,7.98,0.0,46.2,1.05,3.39,1.46,100%,35.3%,28.3%,36.9%,andorra,ANDORRA,1798.0,1393351000000.0,5.52,37900.0,14.73,36.9,546.08,3.1,-3.1,141.22,calendar year,497.87,476.68,0.845,20.7,ANDORRA,100.0,115837000.0,546000.0,47200.0,1.0,562400.0,464800.0,57990000.0,280.0,ANDORRA,"42 30 N, 1 30 E",468 sq km,468 sq km,0 sq km,118 km,0 km,"2,946 m",840 m,34%,26%,40%,1.7%,0%,38.3%,0 sq km,ANDORRA,Andorra la Vella,"42 30 N, 1 31 E",Democracy,18.0,ANDORRA,0,0,0,269,0,0,,,,,Europe
ANGOLA,35981281,3.34%,41.42,7.8,0.19,15.9,0.96,57.2,5.76,71.1%,82.6%,62.4%,18.5%,angola,ANGOLA,203.87,97.26,1.1,5900.0,8.53,18.5,17.9,6.7,-6.7,65.0,calendar year,33.67,18.84,631.442,32.3,ANGOLA,48.0,7344000.0,0.0,1197600.0,53480.0,30340.0,111600.0,6767715000.0,19.0,ANGOLA,"12 30 S, 18 30 E","1,246,700 sq km","1,246,700 sq km",0 sq km,"5,369 km","1,600 km","2,620 m",0 m,54.3%,,45.7%,3.9%,0.3%,41.5%,860 sq km,ANGOLA,Luanda,"8 50 S, 13 13 E",Republic,18.0,ANGOLA,32,70,1,26000,2761,1300,352.0,1065.0,,,Africa
ANTIGUA AND BARBUDA,101489,1.13%,15.01,5.69,2.01,32.7,0.89,13.95,1.94,99%,98.4%,99.4%,,antigua and barbuda,ANTIGUA AND BARBUDA,1.78,1.52,5.27,19100.0,11.0,,278.0,2.4,-2.4,86.8,1 April - 31 March,749.48,868.8,2.7,,ANTIGUA AND BARBUDA,100.0,117000.0,,0.0,0.0,91.0,5065.0,,729000.0,ANTIGUA AND BARBUDA,"17 03 N, 61 48 W",443 sq km,443 sq km,0 sq km,0 km,153 km,402 m,0 m,18.8%,60.8%,20.5%,9%,2.3%,9%,1.3 sq km,ANTIGUA AND BARBUDA,Saint John’s,"17 07 N, 61 51 W",Democracy,18.0,ANTIGUA AND BARBUDA,2,1,,1170,,,,,,,North America
ARGENTINA,46621847,0.8%,15.38,7.28,0.08,32.4,0.98,9.14,2.17,99%,29.4%,19.6%,29.9%,argentina,ARGENTINA,986.13,447.47,10.4,21500.0,10.9,29.9,150.82,6.0,-6.0,57.6,calendar year,87.42,72.36,94.991,35.5,ARGENTINA,100.0,44731000.0,829000.0,690200.0,669800.0,58360.0,121400.0,41194148000.0,193.0,ARGENTINA,"34 00 S, 64 00 W","2,780,400 sq km","2,736,690 sq km","43,710 sq km","11,968 km","4,989 km",,-105 m,10.7%,35.4%,53.9%,13.9%,0.4%,39.6%,"23,600 sq km",ARGENTINA,Buenos Aires,"34 36 S, 58 22 W",Republic,,ARGENTINA,161,977,2,281290,17866,11000,29930.0,6248.0,,,South America
ARMENIA,2989091,0.4%,10.8,9.54,5.28,36.6,0.96,11.89,1.65,99.8%,49.4%,1.5%,36.1%,armenia,ARMENIA,39.61,13.69,5.7,14200.0,20.9,36.1,3.26,4.8,-4.8,63.4,calendar year,5.01,6.12,503.77,26.4,ARMENIA,100.0,3633000.0,0.0,0.0,0.0,0.0,7145.0,0.0,6.0,ARMENIA,"40 00 N, 45 00 E","29,743 sq km","28,203 sq km","1,540 sq km","1,570 km",0 km,"4,090 m",400 m,9.1%,31.2%,59.7%,15.8%,1.9%,42%,"1,554 sq km",ARMENIA,Yerevan,"40 10 N, 44 30 E",Democracy,18.0,ARMENIA,10,1,,7700,686,,3838.0,,,,Asia
AUSTRALIA,26461166,1.19%,12.23,6.76,6.39,37.5,0.99,2.96,1.73,,15.6%,11.5%,10.8%,australia,AUSTRALIA,1279.0,1390790000000.0,2.24,49800.0,5.11,10.8,479.33,0.5,-0.5,69.41,1 July - 30 June,389.79,298.71,1.331,,AUSTRALIA,100.0,82517000.0,504051000.0,442500.0,462500.0,64120.0,619600.0,142104321000.0,417000000.0,AUSTRALIA,"27 00 S, 133 00 E","7,741,220 sq km","7,682,300 sq km","58,920 sq km",0 km,"25,760 km","2,228 m",-15 m,17.42%,33.42%,46.65%,4.03%,0.04%,42.58%,"15,210 sq km",AUSTRALIA,Canberra,"35 16 S, 149 08 E",Democracy,18.0,AUSTRALIA,349,131,1,873573,36064,2000,637.0,,,,Oceania
AUSTRIA,8940860,0.31%,9.39,9.86,3.54,44.5,0.96,3.2,1.51,,27.7%,25%,11.4%,austria,AUSTRIA,484.7,445.02,4.56,54100.0,6.3,11.4,218.48,0.7,-0.7,99.91,calendar year,268.28,265.77,0.845,13.3,AUSTRIA,100.0,28376000.0,1327000.0,20100.0,186500.0,49960.0,135500.0,924500000.0,65.0,AUSTRIA,"47 20 N, 13 20 E","83,871 sq km","82,445 sq km","1,426 sq km","2,524 km",0 km,"3,798 m",115 m,47.2%,14.4%,38.4%,16.5%,0.8%,21.1%,382 sq km,AUSTRIA,Vienna,"48 12 N, 16 22 E",Republic,16.0,AUSTRIA,24,28,1,137039,6123,358,1888.0,594.0,,,Europe
AZERBAIJAN,10420515,0.63%,13.2,6.92,0.0,32.6,0.98,22.93,1.86,99.8%,47.9%,0.1%,16.5%,azerbaijan,AZERBAIJAN,146.31,48.1,5.6,14400.0,6.58,16.5,19.95,1.6,-1.6,54.1,calendar year,25.49,16.34,1.7,4.9,AZERBAIJAN,100.0,7677000.0,0.0,711700.0,138900.0,46480.0,5576.0,23075000000.0,35.0,AZERBAIJAN,"40 30 N, 47 30 E","86,600 sq km","82,629 sq km","3,971 sq km","2,468 km",0 km,"4,466 m",-28 m,11.3%,31.1%,57.6%,22.8%,2.7%,32.1%,"14,649 sq km",AZERBAIJAN,Baku,"40 23 N, 49 52 E",Republic,18.0,AZERBAIJAN,30,7,1,24981,,,3890.0,2446.0,,,Asia
"BAHAMAS, THE",358508,0.8%,14.49,6.47,0.0,32.8,0.95,12.52,1.97,,18.8%,2.4%,30.8%,bahamas the,"BAHAMAS, THE",12.32,12.16,13.72,30200.0,13.24,30.8,2.09,2.6,-2.6,84.45,1 July - 30 June,3.2,4.92,1.0,9.3,"BAHAMAS, THE",100.0,578000.0,,0.0,0.0,,19150.0,0.0,3.0,"BAHAMAS, THE","24 15 N, 76 00 W","13,880 sq km","10,010 sq km","3,870 sq km",0 km,"3,542 km",64 m,0 m,51.4%,47.2%,1.4%,0.8%,0.4%,0.2%,10 sq km,"BAHAMAS, THE",Nassau,"25 05 N, 77 21 W",Democracy,18.0,"BAHAMAS, THE",24,37,1,2700,,,,,,,North America
BAHRAIN,1553886,0.85%,12.3,2.83,0.99,32.9,1.51,9.98,1.66,97.5%,25.3%,4.5%,9.9%,bahrain,BAHRAIN,72.27,38.47,2.23,49400.0,1.87,9.9,9.17,10.1,-10.1,88.5,calendar year,35.23,27.58,0.376,,BAHRAIN,100.0,6982000.0,,185300.0,274500.0,245300.0,14530.0,18271840000.0,43.0,BAHRAIN,"26 00 N, 50 33 E",760 sq km,760 sq km,0 sq km,0 km,161 km,135 m,0 m,0.7%,88%,11.3%,2.1%,3.9%,5.3%,40 sq km,BAHRAIN,Manama,"26 14 N, 50 34 E",Monarchy,20.0,BAHRAIN,4,730,1,4122,,,20.0,54.0,,,Asia
BANGLADESH,167184465,0.91%,17.5,5.5,2.88,27.9,0.96,29.58,2.08,74.9%,52.2%,17.1%,14.7%,bangladesh,BANGLADESH,1001.0,329.55,6.94,5900.0,5.23,14.7,30.02,3.2,-3.2,33.1,1 July - 30 June,49.39,85.3,85.084,24.3,BANGLADESH,98.0,18461000.0,1016000.0,13500.0,26280.0,901.0,81570.0,28629927000.0,96.0,BANGLADESH,"24 00 N, 90 00 E","148,460 sq km","130,170 sq km","18,290 sq km","4,413 km",580 km,"1,060 m",0 m,11.1%,18.8%,70.1%,59%,6.5%,4.6%,"81,270 sq km",BANGLADESH,Dhaka,"23 43 N, 90 24 E",Republic,18.0,BANGLADESH,16,2,3,369105,2460,8370,2950.0,,,,Asia
BARBADOS,303431,0.24%,10.73,8.03,0.29,39.5,0.93,9.79,1.7,99.6%,15%,1.9%,30.6%,barbados,BARBADOS,3.87,4.99,-0.19,13800.0,10.41,30.6,1.27,4.0,-4.0,146.93,1 April - 31 March,357.0,2.12,2.0,,BARBADOS,100.0,311000.0,,1000.0,0.0,0.0,10630.0,14923000.0,1.0,BARBADOS,"13 10 N, 59 32 W",430 sq km,430 sq km,0 sq km,0 km,97 km,336 m,0 m,19.4%,48%,32.6%,25.6%,2.3%,4.7%,50 sq km,BARBADOS,Bridgetown,"13 06 N, 59 37 W",Republic,18.0,BARBADOS,1,,,1700,,,33.0,64.0,,,North America
BELARUS,9383853,0.32%,8.87,12.81,0.72,40.9,0.87,3.23,1.52,99.9%,47.4%,13.5%,11.3%,belarus,BELARUS,184.48,63.17,2.3,19800.0,4.74,11.3,24.74,2.9,2.9,33.24,calendar year,49.42,45.46,2.539,5.0,BELARUS,100.0,11360000.0,0.0,34300.0,477200.0,351200.0,14630.0,68951000.0,54.0,BELARUS,"53 00 N, 28 00 E","207,600 sq km","202,900 sq km","4,700 sq km","3,599 km",0 km,346 m,90 m,42.7%,13.6%,43.7%,27.2%,0.6%,15.9%,303 sq km,BELARUS,Minsk,"53 54 N, 27 34 E",Republic,18.0,BELARUS,33,32,1,86600,5528,2500,5386.0,1589.0,,,Europe
BELGIUM,11913633,0.55%,10.86,9.57,4.18,41.6,0.97,3.15,1.77,,25.8%,21%,19.6%,belgium,BELGIUM,599.81,533.03,6.13,51700.0,6.42,19.6,267.11,1.0,-1.0,119.43,calendar year,515.62,509.02,0.845,14.8,BELGIUM,100.0,26929000.0,1105000.0,11400.0,731700.0,680800.0,601400.0,0.0,128.0,BELGIUM,"50 50 N, 4 00 E","30,528 sq km","30,278 sq km",250 sq km,"1,297 km",66.5 km,694 m,0 m,22.4%,33.5%,44.1%,27.2%,0.8%,16.1%,57 sq km,BELGIUM,Brussels,"50 50 N, 4 20 E",Democracy,18.0,BELGIUM,26,15,1,118414,3602,2043,3139.0,154.0,,,Europe
BELIZE,419137,1.61%,20.93,3.89,0.95,23.9,1.0,10.9,2.59,,15.1%,1.8%,19.3%,belize,BELIZE,3.5,1.85,15.23,8800.0,8.22,19.3,583.0,1.0,-1.0,99.0,1 April - 31 March,1.04,1.25,2.0,41.0,BELIZE,97.0,204000.0,,1300.0,36.0,0.0,4161.0,,541000.0,BELIZE,"17 15 N, 88 45 W","22,966 sq km","22,806 sq km",160 sq km,542 km,386 km,"1,124 m",0 m,60.6%,32.5%,6.9%,3.3%,1.4%,2.2%,35 sq km,BELIZE,Belmopan,"17 15 N, 88 46 W",Democracy,18.0,BELIZE,6,41,,3281,,825,,,,,North America
BENIN,14219908,3.31%,40.72,7.82,0.24,17.0,0.97,54.33,5.39,45.8%,11.8%,1.9%,3.9%,benin,BENIN,43.17,10.31,7.16,3300.0,1.57,3.9,2.02,6.2,-6.2,54.6,calendar year,3.51,3.94,554.608,38.5,BENIN,41.0,475000.0,0.0,0.0,0.0,1514.0,38040.0,0.0,6.0,BENIN,"9 30 N, 2 15 E","112,622 sq km","110,622 sq km","2,000 sq km","2,123 km",,,0 m,40%,28.7%,31.3%,22.9%,3.5%,4.9%,172 sq km,BENIN,Porto-Novo,"6 29 N, 2 37 E",Republic,18.0,BENIN,1,5,,16000,438,150,134.0,,,,Africa
BHUTAN,876181,0.96%,15.61,6.05,0.0,29.1,1.07,25.61,1.77,70.9%,77.9%,62.8%,18.8%,bhutan,BHUTAN,8.48,2.4,4.09,10900.0,4.33,18.8,710.0,3.4,-3.4,117.33,1 July - 30 June,741.6,1.03,73.939,8.2,BHUTAN,100.0,2334000.0,174000.0,0.0,0.0,0.0,3120.0,,934000.0,BHUTAN,"27 30 N, 90 30 E","38,394 sq km","38,394 sq km",0 sq km,"1,136 km",0 km,"7,570 m",97 m,85.5%,0.9%,13.6%,2.6%,0.3%,10.7%,320 sq km,BHUTAN,Thimphu,"27 28 N, 89 38 E",Monarchy,18.0,BHUTAN,2,1,,12205,,,,,,,Asia
BOLIVIA,12186079,1.06%,18.08,4.33,0.96,25.3,1.01,22.28,2.26,92.5%,20.5%,4.8%,17.4%,bolivia,BOLIVIA,97.27,40.82,6.11,8100.0,8.51,17.4,11.8,7.8,-7.8,49.0,calendar year,11.44,10.8,6.91,37.2,BOLIVIA,98.0,3834000.0,,65400.0,65960.0,9686.0,20620.0,15328422000.0,17.0,BOLIVIA,"17 00 S, 65 00 W","1,098,581 sq km","1,083,301 sq km","15,280 sq km","7,252 km",0 km,"6,542 m",90 m,52.5%,13.2%,34.3%,3.6%,0.2%,30.5%,"2,972 sq km",BOLIVIA,La Paz,"16 30 S, 68 09 W",Republic,18.0,BOLIVIA,21,834,,90568,3960,10000,5457.0,2511.0,,,South America
BOSNIA AND HERZEGOVINA,3807764,0.23%,8.31,10.26,0.38,43.3,0.95,5.1,1.37,98.1%,42%,28%,32.9%,bosnia and herzegovina,BOSNIA AND HERZEGOVINA,51.24,20.08,7.55,15700.0,15.22,32.9,8.43,2.1,2.1,46.05,calendar year,9.95,12.73,1.654,16.9,BOSNIA AND HERZEGOVINA,100.0,4775000.0,6966000.0,0.0,0.0,4603.0,18280.0,0.0,16.0,BOSNIA AND HERZEGOVINA,"44 00 N, 18 00 E","51,197 sq km","51,187 sq km",10 sq km,"1,543 km",20 km,"2,386 m",0 m,42.8%,15%,42.2%,19.7%,2%,20.5%,30 sq km,BOSNIA AND HERZEGOVINA,Sarajevo,"43 52 N, 18 25 E",Republic,18.0,BOSNIA AND HERZEGOVINA,7,17,6,22926,965,990,147.0,,,,Europe
BOTSWANA,2417596,1.37%,19.95,8.98,2.77,25.7,0.92,24.41,2.37,88.5%,30.4%,8.3%,41.2%,botswana,BOTSWANA,38.41,18.34,11.37,14800.0,24.72,41.2,3.83,1.0,-1.0,19.66,1 April - 31 March,7.93,9.28,11.087,19.3,BOTSWANA,73.0,766000.0,1876000.0,0.0,,,21090.0,,5.0,BOTSWANA,"22 00 S, 24 00 E","581,730 sq km","566,730 sq km","15,000 sq km","4,347.15 km",0 km,"1,495 m",513 m,19.8%,34.4%,45.8%,0.6%,0%,45.2%,25 sq km,BOTSWANA,Gaborone,"24 38 S, 25 54 E",Republic,18.0,BOTSWANA,10,64,,31747,888,,,,,,Africa
BRAZIL,218689757,0.64%,13.44,6.9,0.19,33.2,0.97,13.11,1.75,94.3%,16.2%,9.4%,31.9%,brazil,BRAZIL,3128.0,1877942000000.0,4.62,14600.0,14.4,31.9,424.2,1.1,-1.1,100.59,calendar year,317.18,297.92,5.394,4.2,BRAZIL,99.0,195037000.0,13993000.0,3629100.0,2811000.0,279000.0,490400.0,25395979000.0,456000000.0,BRAZIL,"10 00 S, 55 00 W","8,515,770 sq km","8,358,140 sq km","157,630 sq km","16,145 km","7,491 km","2,994 m",0 m,61.9%,5.2%,32.9%,8.6%,0.8%,23.5%,"69,029 sq km",BRAZIL,Brasília,"15 47 S, 47 55 W",Republic,,BRAZIL,698,"3,395",13,"2,000,000","29,850","50,000",17312.0,5959.0,6000.0,,South America
BRUNEI,484991,1.43%,15.98,3.85,2.15,31.1,0.95,10.26,1.74,97.6%,30%,2.3%,23.4%,brunei,BRUNEI,26.78,12.13,-1.59,60100.0,7.65,23.4,1.06,17.3,-17.3,2.8,1 April - 31 March,11.2,9.22,1.344,,BRUNEI,100.0,1261000.0,,107300.0,10310.0,0.0,6948.0,12498299000.0,9.0,BRUNEI,"4 30 N, 114 40 E","5,765 sq km","5,265 sq km",500 sq km,266 km,161 km,"1,850 m",0 m,71.8%,25.7%,2.5%,0.8%,1.1%,0.6%,10 sq km,BRUNEI,Bandar Seri Begawan,"4 53 N, 114 56 E",Monarchy,18.0,BRUNEI,1,417,3,2976,,209,33.0,,,,Asia
BULGARIA,6827736,0.66%,7.97,14.31,0.29,43.7,0.95,7.82,1.51,98.4%,40.9%,37.1%,14.2%,bulgaria,BULGARIA,167.8,68.49,7.63,24400.0,5.42,14.2,24.49,1.8,1.8,32.24,calendar year,51.51,50.06,1.654,23.8,BULGARIA,99.0,11097000.0,22298000.0,4500.0,144300.0,92720.0,49260.0,62439000.0,38.0,BULGARIA,"43 00 N, 25 00 E","110,879 sq km","108,489 sq km","2,390 sq km","1,806 km",354 km,"2,925 m",0 m,36.7%,16.4%,46.9%,29.9%,1.5%,15.5%,987 sq km,BULGARIA,Sofia,"42 41 N, 23 19 E",Republic,18.0,BULGARIA,57,11,1,19512,4029,470,2765.0,346.0,,,Europe
BURKINA FASO,22489126,2.46%,32.71,7.5,0.59,17.9,0.96,48.17,4.14,46%,22.1%,6.4%,7.7%,burkina faso,BURKINA FASO,48.17,14.27,6.91,2200.0,4.76,7.7,3.21,7.9,-7.9,72.53,calendar year,5.36,4.78,554.531,41.4,BURKINA FASO,18.0,392000.0,,0.0,0.0,0.0,23580.0,,4.0,BURKINA FASO,"13 00 N, 2 00 W","274,200 sq km","273,800 sq km",400 sq km,"3,611 km",0 km,749 m,200 m,19.3%,36.5%,44.2%,22%,37%,21.93%,550 sq km,BURKINA FASO,Ouagadougou,"12 22 N, 1 31 W",Republic,18.0,BURKINA FASO,2,21,,15304,622,,,,,,Africa
BURMA,57970293,0.75%,16.04,7.14,1.36,29.2,0.97,32.2,2.0,89.1%,68.5%,19.7%,6.4%,burma,BURMA,216.95,76.61,-17.91,4000.0,2.17,6.4,13.36,3.2,-3.2,33.6,1 April - 31 March,20.4,23.1,1.0,24.8,BURMA,72.0,7247000.0,1468000.0,7800.0,13330.0,0.0,102600.0,17710912000.0,31.0,BURMA,"22 00 N, 98 00 E","676,578 sq km","653,508 sq km","23,070 sq km","6,522 km","1,930 km","5,870 m",0 m,48.2%,32.6%,19.2%,16.5%,2.2%,0.5%,"17,140 sq km",BURMA,Rangoon,"16 48 N, 96 10 E",Republic,18.0,BURMA,36,28,11,157000,5031,12800,3739.0,1321.0,,,Asia
BURUNDI,13162952,3.59%,34.87,5.85,6.84,17.7,0.99,36.75,4.96,74.7%,17.4%,6.1%,3.4%,burundi,BURUNDI,8.85,3.03,1.8,700.0,1.79,3.4,747.0,5.7,-5.7,51.7,calendar year,285.11,905.29,1.0,64.6,BURUNDI,10.0,100000.0,,0.0,,,1374.0,,715000.0,BURUNDI,"3 30 S, 30 00 E","27,830 sq km","25,680 sq km","2,150 sq km","1,140 km",0 km,"2,685 m",772 m,6.6%,20.1%,73.3%,38.9%,15.6%,18.8%,230 sq km,BURUNDI,Gitega,"3 25 S, 29 55 E",Republic,18.0,BURUNDI,1,6,1,12322,,673,,,,,Africa
CABO VERDE,603901,1.19%,18.19,5.77,0.57,26.8,0.95,22.96,2.11,90.8%,17.3%,5.4%,34.3%,cabo verde,CABO VERDE,3.6,1.97,6.95,6100.0,15.42,34.3,583.0,3.0,-3.0,125.8,calendar year,459.92,1.12,93.218,35.0,CABO VERDE,95.0,205000.0,,0.0,,,5607.0,,1.0,CABO VERDE,"16 00 N, 24 00 W","4,033 sq km","4,033 sq km",0 sq km,0 km,965 km,"2,829 m",0 m,21%,60.4%,18.6%,11.7%,0.7%,6.2%,35 sq km,CABO VERDE,Praia,"14 55 N, 23 31 W",Republic,18.0,CABO VERDE,9,418,,1350,,,,,,,Africa
CAMBODIA,16891245,1.04%,18.75,5.7,2.67,26.4,0.94,28.75,2.2,83.9%,36.1%,6%,1.8%,cambodia,CAMBODIA,72.24,22.09,3.03,4400.0,0.61,1.8,7.25,1.8,-1.8,30.4,calendar year,20.13,32.83,4.0,16.5,CAMBODIA,82.0,2954000.0,0.0,0.0,,,43030.0,,13.0,CAMBODIA,"13 00 N, 105 00 E","181,035 sq km","176,515 sq km","4,520 sq km","2,530 km",443 km,"1,810 m",0 m,56.5%,11.4%,32.1%,22.7%,0.9%,8.5%,"3,540 sq km",CAMBODIA,Phnom Penh,"11 33 N, 104 55 E",Monarchy,18.0,CAMBODIA,6,10,1,47263,642,3700,,,,,Asia
CAMEROON,30135732,2.73%,35.13,7.54,0.3,18.5,0.99,47.4,4.5,77.1%,13.2%,1.4%,6.6%,cameroon,CAMEROON,100.65,,3.65,3700.0,3.87,6.6,6.12,3.4,-3.4,36.9,1 July - 30 June,7.45,9.03,554.531,37.5,CAMEROON,65.0,1754000.0,,63200.0,39080.0,8545.0,14090.0,2678486000.0,7.0,CAMEROON,"6 00 N, 12 00 E","475,440 sq km","472,710 sq km","2,730 sq km","5,018 km",402 km,"4,045 m",0 m,41.7%,37.7%,20.6%,13.1%,3.3%,4.2%,290 sq km,CAMEROON,Yaounde,"3 52 N, 11 31 E",Republic,20.0,CAMEROON,11,22,,77589,987,,53.0,1107.0,,35.0,Africa
CANADA,38516736,0.73%,10.11,8.17,5.37,41.8,0.98,4.31,1.57,,15.3%,10.7%,14%,canada,CANADA,1832.0,,4.54,47900.0,7.51,14.0,686.72,1.0,-1.0,72.09,1 April - 31 March,611.15,609.26,1.254,9.4,CANADA,100.0,153251000.0,48328000.0,5468100.0,2009000.0,379500.0,405700.0,178723494000.0,612000000.0,CANADA,"60 00 N, 95 00 W","9,984,670 sq km","9,093,507 sq km","891,163 sq km","8,892 km","202,080 km","5,959 m",0 m,34.1%,59.1%,6.8%,4.7%,0.5%,1.6%,"9,045 sq km",CANADA,Ottawa,"45 25 N, 75 42 W",Democracy,18.0,CANADA,523,944,26,1042300,49422,636,110000.0,100000.0,16500.0,,North America
CENTRAL AFRICAN REPUBLIC,5552228,1.77%,32.37,11.51,3.16,20.0,0.99,81.74,3.99,37.4%,49.5%,25.8%,11.8%,central african republic,CENTRAL AFRICAN REPUBLIC,4.48,,0.9,800.0,6.57,11.8,418.0,0.9,-0.9,52.9,calendar year,113.7,393.1,554.531,62.0,CENTRAL AFRICAN REPUBLIC,15.0,38000.0,,0.0,,,2799.0,,285000.0,CENTRAL AFRICAN REPUBLIC,"7 00 N, 21 00 E","622,984 sq km","622,984 sq km",0 sq km,"5,920 km",0 km,"1,410 m",335 m,36.2%,55.7%,8.1%,2.9%,0.1%,5.1%,10 sq km,CENTRAL AFRICAN REPUBLIC,Bangui,"4 22 N, 18 35 E",,18.0,CENTRAL AFRICAN REPUBLIC,1,37,,24000,,2800,,,,,Africa
CHAD,18523165,3.05%,39.85,9.21,0.12,16.1,0.98,63.99,5.35,26.8%,13.8%,2.7%,2.4%,chad,CHAD,24.49,,-1.2,1400.0,1.88,2.4,2.29,1.5,-1.5,52.5,calendar year,2.46,2.16,554.531,42.3,CHAD,11.0,87000.0,,87900.0,,,2285.0,,1.0,CHAD,"15 00 N, 19 00 E",1.284 million sq km,"1,259,200 sq km","24,800 sq km","6,406 km",0 km,"3,445 m",160 m,9.1%,51.3%,39.6%,3.9%,0%,35.7%,300 sq km,CHAD,N’Djamena,"12 06 N, 15 02 E",Republic,18.0,CHAD,9,50,,40000,,12400,,582.0,,,Africa
CHILE,18549457,0.63%,12.57,6.58,0.32,35.5,0.97,6.41,1.75,97%,31.6%,26.8%,21.4%,chile,CHILE,496.08,,11.67,25400.0,9.13,21.4,55.16,2.8,-2.8,23.6,calendar year,100.63,102.09,758.955,8.6,CHILE,100.0,29808000.0,542000.0,11900.0,216200.0,7359.0,166400.0,1109962000.0,88.0,CHILE,"30 00 S, 71 00 W","756,102 sq km","743,812 sq km","12,290 sq km","7,801 km","6,435 km","6,893 m",0 m,21.9%,57%,21.1%,1.7%,0.6%,18.8%,"11,100 sq km",CHILE,Santiago; note - Valparaiso is the seat of the national legislature,"33 27 S, 70 40 W",Republic,18.0,CHILE,90,391,1,77801,,,3160.0,985.0,,,South America
CHINA,1413142846,0.18%,9.69,7.82,0.11,38.4,1.04,6.49,1.45,96.8%,49.4%,1.7%,11.4%,china,CHINA,17730.0,14722.0,3.0,12500.0,5.2,16.7,3560.0,,7.2,76.9,calendar year,3593.0,2714.0,6.73,1.7,CHINA,100.0,2380000000.0,3693000000.0,4670000.0,13790000.0,848400.0,1280000.0,194000000000.0,11535200000.0,CHINA,"35 00 N, 105 00 E","9,596,960 sq km","9,326,410 sq km","270,550 sq km","22,457 km","14,500 km","8,849 m",-154 m,22.3%,23%,54.7%,11.3%,1.6%,41.8%,"690,070 sq km",CHINA,Beijing,"39 55 N, 116 23 E",Communist,18.0,CHINA,510,23,92,"4,960,600","150,000","110,000",70000.0,22900.0,9500.0,,Asia
COLOMBIA,49336454,0.54%,15.06,7.84,1.85,31.2,0.95,11.65,1.94,95.6%,12.4%,4.6%,26.4%,colombia,COLOMBIA,754.64,,10.68,14600.0,14.34,26.4,94.98,2.7,-2.7,90.4,calendar year,50.79,70.84,3.0,35.7,COLOMBIA,99.0,19769000.0,51395000.0,756400.0,303600.0,56900.0,57170.0,11305086000.0,81.0,COLOMBIA,"4 00 N, 72 00 W","1,138,910 sq km","1,038,700 sq km","100,210 sq km","6,672 km","3,208 km","5,730 m",0 m,54.4%,8.1%,37.5%,1.4%,1.6%,34.5%,"10,900 sq km",COLOMBIA,Bogota,"4 36 N, 74 05 W",Republic,18.0,COLOMBIA,121,715,3,205379,2141,24725,4991.0,6796.0,,,South America
COMOROS,888378,1.34%,22.06,6.49,2.22,20.9,0.94,56.01,2.69,62%,29.5%,11.1%,21.7%,comoros,COMOROS,2.65,,2.11,3200.0,9.45,21.7,223.0,6.5,-6.5,32.4,calendar year,139.57,407.0,415.956,42.4,COMOROS,87.0,35000.0,,0.0,,,1241.0,,326000.0,COMOROS,"12 10 S, 44 15 E","2,235 sq km","2,235 sq km",0 sq km,0 km,340 km,"2,360 m",0 m,1.4%,14.2%,84.4%,46.7%,29.6%,8.1%,1.3 sq km,COMOROS,Moroni,"11 42 S, 43 14 E",Republic,18.0,COMOROS,4,207,,880,,,,,,,Africa
"CONGO, DEMOCRATIC REPUBLIC OF THE",111859928,3.13%,39.64,7.74,0.63,16.7,1.0,59.12,5.56,80%,22.7%,2.9%,10.1%,congo democratic republic of the,"CONGO, DEMOCRATIC REPUBLIC OF THE",102.96,,6.2,1100.0,5.43,10.1,5.42,0.9,-0.9,18.1,calendar year,22.35,22.19,1.0,63.0,"CONGO, DEMOCRATIC REPUBLIC OF THE",20.0,2919000.0,0.0,22000.0,0.0,0.0,21140.0,368000.0,2.0,"CONGO, DEMOCRATIC REPUBLIC OF THE","0 00 N, 25 00 E","2,344,858 sq km","2,267,048 sq km","77,810 sq km","11,027 km",37 km,"5,110 m",0 m,,,,,,,110 sq km,"CONGO, DEMOCRATIC REPUBLIC OF THE",Kinshasa,"4 19 S, 15 18 E",Republic,18.0,"CONGO, DEMOCRATIC REPUBLIC OF THE",26,172,1,152373,4007,15000,62.0,77.0,,,Africa
"CONGO, REPUBLIC OF THE",5677493,2.33%,31.55,8.23,0.0,19.5,1.0,46.62,4.32,80.6%,26.8%,2.1%,42.3%,congo republic of the,"CONGO, REPUBLIC OF THE",18.88,,-2.2,3200.0,23.01,42.3,3.4,7.0,-7.0,130.8,calendar year,4.67,3.28,554.531,40.9,"CONGO, REPUBLIC OF THE",49.0,629000.0,,270900.0,15760.0,5766.0,7162.0,1400000000.0,4.0,"CONGO, REPUBLIC OF THE","1 00 S, 15 00 E","342,000 sq km","341,500 sq km",500 sq km,"5,554 km",169 km,"1,020 m",0 m,65.6%,3.3%,31.1%,1.6%,0.2%,29.3%,20 sq km,"CONGO, REPUBLIC OF THE",Brazzaville,"4 15 S, 15 17 E",Republic,18.0,"CONGO, REPUBLIC OF THE",8,19,,23324,510,1120,232.0,982.0,,,Africa
COSTA RICA,29344847,2.16%,27.92,7.45,1.16,20.3,0.97,54.04,3.47,89.9%,17.9%,0.9%,5.7%,costa rica,COSTA RICA,146.32,,7.04,5300.0,3.47,5.7,8.8,4.2,-4.2,47.0,calendar year,13.23,12.66,554.531,39.5,COSTA RICA,71.0,2197000.0,,33000.0,69360.0,31450.0,7405.0,2425000000.0,11.0,COSTA RICA,"8 00 N, 5 00 W","322,463 sq km","318,003 sq km","4,460 sq km","3,458 km",515 km,"1,752 m",0 m,32.7%,2.5%,64.8%,9.1%,14.2%,41.5%,730 sq km,COSTA RICA,Yamoussoukro,"6 49 N, 5 16 W",Republic,18.0,COSTA RICA,7,20,1,81996,660,980,256.0,118.0,,,North America
CROATIA,4169239,0.47%,8.6,12.98,0.26,43.9,1.01,8.58,1.46,99.4%,37.6%,36.1%,23.6%,croatia,CROATIA,123.35,,13.07,31600.0,8.68,23.6,212.81,0.8,0.8,104.89,calendar year,35.31,36.33,0.845,18.3,CROATIA,100.0,4940000.0,0.0,12200.0,74620.0,40530.0,35530.0,851005000.0,16.0,CROATIA,"45 10 N, 15 30 E","56,594 sq km","55,974 sq km",620 sq km,"2,237 km","5,835 km","1,831 m",0 m,34.4%,41.9%,23.7%,16%,1.5%,6.2%,171 sq km,CROATIA,Zagreb,"45 48 N, 16 00 E",Republic,18.0,CROATIA,24,45,1,26958,2617,4714,2410.0,610.0,,,Europe
CUBA,10985974,0.19%,9.99,9.37,2.53,42.1,0.93,4.07,1.71,99.7%,25.5%,10.3%,7.4%,cuba,CUBA,137.0,,1.25,12300.0,2.76,7.4,54.52,10.8,-10.8,47.7,calendar year,2.63,11.06,1.0,,CUBA,100.0,7479000.0,0.0,38400.0,104100.0,24190.0,52750.0,976023000.0,16.0,CUBA,"21 30 N, 80 00 W","110,860 sq km","109,820 sq km","1,040 sq km",28.5 km,"3,735 km","1,974 m",0 m,27.3%,12.4%,60.3%,33.8%,3.6%,22.9%,"8,700 sq km",CUBA,Havana,"23 07 N, 82 21 W",Communist,16.0,CUBA,64,69,,60000,8367,240,41.0,230.0,,,North America
CYPRUS,1308120,1%,10.37,6.99,6.65,37.9,0.93,8.2,1.48,99.4%,47%,23.2%,11.8%,cyprus,CYPRUS,,,,,,11.8,,,,,,,,,,CYPRUS,,,,,,,,,,CYPRUS,"35 00 N, 33 00 E","9,251 sq km","9,241 sq km",10 sq km,156 km,648 km,"1,951 m",0 m,18.8%,67.8%,13.4%,9.8%,3.2%,0.4%,268 sq km,CYPRUS,,,Republic,,CYPRUS,,,,,,,,,,,Asia
CZECHIA,10706242,0%,8.43,10.77,2.32,43.3,1.05,2.37,1.5,99%,35%,26.4%,7.6%,czechia,CZECHIA,428.02,,3.54,40700.0,2.89,7.6,103.84,1.6,1.6,34.7,calendar year,204.78,196.24,21.678,10.1,CZECHIA,100.0,22485000.0,33806000.0,6300.0,177500.0,52200.0,83860.0,189185000.0,99.0,CZECHIA,"49 45 N, 15 30 E","78,867 sq km","77,247 sq km","1,620 sq km","2,046 km",0 km,"1,602 m",115 m,34.4%,10.8%,54.8%,41%,1%,12.8%,220 sq km,CZECHIA,Prague,"50 05 N, 14 28 E",Republic,18.0,CZECHIA,41,87,1,55744,9548,664,7160.0,675.0,,,Europe
DENMARK,5946984,0.44%,11.25,9.55,2.71,42.0,0.99,3.0,1.77,,17.8%,17.1%,10.1%,denmark,DENMARK,352.44,350.04,3.8,59700.0,4.8,10.1,185.65,1.1,1.1,35.3,calendar year,234.26,208.12,6.287,12.5,DENMARK,100.0,17655000.0,0.0,69000.0,183900.0,133700.0,109700.0,1315000000.0,33.0,DENMARK,"56 00 N, 10 00 E","43,094 sq km","42,434 sq km",660 sq km,141 km,"7,314 km",171 m,-7 m,12.9%,23.7%,63.4%,58.9%,0.1%,4.4%,"2,360 sq km",DENMARK,Copenhagen,"55 40 N, 12 35 E",Monarchy,18.0,DENMARK,28,52,,74558,2682,400,1536.0,330.0,,,Europe
DJIBOUTI,976143,1.93%,22.03,7.08,4.37,24.9,0.83,46.02,2.13,,78.6%,82.2%,79.9%,djibouti,DJIBOUTI,5.43,3.32,4.81,4900.0,28.39,79.9,725.0,9.0,-9.0,31.8,calendar year,5.16,5.48,177.721,21.1,DJIBOUTI,65.0,130000.0,,0.0,,403.0,6692.0,,610000.0,DJIBOUTI,"11 30 N, 43 00 E","23,200 sq km","23,180 sq km",20 sq km,528 km,314 km,"2,021 m",-155 m,0.2%,26.4%,73.4%,0.1%,0%,73.3%,10 sq km,DJIBOUTI,Djibouti,"11 35 N, 43 09 E",Republic,18.0,DJIBOUTI,3,10,,2893,97,,,,,,Africa
DOMINICA,74656,0.02%,13.64,8.12,5.3,34.9,1.02,11.0,2.01,,,,,dominica,DOMINICA,787.7,557.0,6.68,10900.0,23.0,,180.0,5.9,-5.9,82.7,1 July - 30 June,104.96,302.0,2.7,29.0,DOMINICA,100.0,42000.0,,0.0,,,1237.0,,182000.0,DOMINICA,"15 25 N, 61 20 W",751 sq km,751 sq km,NEGL,0 km,148 km,"1,447 m",0 m,59.2%,6.1%,34.7%,8%,24%,2.7%,,DOMINICA,Roseau,"15 18 N, 61 24 W",Republic,18.0,DOMINICA,2,750,,1512,,,,,,,North America
DOMINICAN REPUBLIC,11470261,1.18%,20.81,7.17,1.86,24.1,0.97,38.78,2.39,61.7%,12.2%,3.1%,35.7%,dominican republic,DOMINICAN REPUBLIC,32.86,8.61,-1.8,2900.0,15.73,35.7,1.18,1.0,-1.0,31.1,1 October - 30 September,1.24,5.22,89.227,58.5,DOMINICAN REPUBLIC,47.0,3453000.0,,0.0,,,20030.0,0.0,3.0,DOMINICAN REPUBLIC,"19 00 N, 70 40 W","48,670 sq km","48,320 sq km",350 sq km,376 km,"1,288 km","3,098 m",-46 m,40.8%,7.7%,51.5%,16.6%,10.1%,24.8%,"2,980 sq km",DOMINICAN REPUBLIC,Port-au-Prince,"18 32 N, 72 20 W",Republic,18.0,DOMINICAN REPUBLIC,4,10,,4102,,,,,,,North America
ECUADOR,17483326,1.1%,16.19,5.18,0.0,28.8,0.98,17.72,2.02,94.5%,18.4%,4.2%,14.2%,ecuador,ECUADOR,189.88,,4.24,10700.0,6.43,14.2,35.91,4.5,4.24,45.4,calendar year,29.32,28.57,1.0,25.0,ECUADOR,100.0,9354000.0,0.0,478000.0,137400.0,25870.0,153900.0,342407000.0,36.0,ECUADOR,"2 00 S, 77 30 W","283,561 sq km","276,841 sq km","6,720 sq km","2,237 km","2,237 km",,0 m,38.9%,31.4%,29.7%,4.7%,5.6%,19.4%,"10,000 sq km",ECUADOR,Quito,"0 13 S, 78 30 W",Republic,,ECUADOR,104,328,2,43950,965,1500,123.0,2131.0,,,South America
EGYPT,109546720,1.59%,20.48,4.32,0.29,24.1,1.06,17.27,2.76,73.1%,48.1%,0.4%,24.3%,egypt,EGYPT,1264.0,,3.33,11600.0,9.33,24.3,71.16,8.6,-8.6,103.0,1 July - 30 June,58.34,94.04,15.645,32.5,EGYPT,100.0,59826000.0,262000.0,660800.0,547500.0,47360.0,280200.0,64292955000.0,235.0,EGYPT,"27 00 N, 30 00 E","1,001,450 sq km","995,450 sq km","6,000 sq km","2,612 km","2,450 km","2,629 m",-133 m,0.1%,96.3%,3.6%,2.8%,0.8%,0%,"36,500 sq km",EGYPT,Cairo,"30 03 N, 31 15 E",Republic,18.0,EGYPT,11,11,7,65050,5085,3500,486.0,,,,Africa
EL SALVADOR,6602370,0.46%,17.49,5.92,7.01,27.7,0.92,11.9,2.04,89.1%,14.1%,1.7%,13.7%,el salvador,EL SALVADOR,57.37,,10.28,9100.0,5.94,13.7,6.45,2.5,-2.5,71.41,calendar year,8.49,15.75,1.0,22.8,EL SALVADOR,97.0,2586000.0,0.0,0.0,0.0,347.0,49280.0,,7.0,EL SALVADOR,"13 50 N, 88 55 W","21,041 sq km","20,721 sq km",320 sq km,590 km,307 km,"2,730 m",0 m,13.6%,11.7%,74.7%,33.1%,10.9%,30.7%,274 sq km,EL SALVADOR,San Salvador,"13 42 N, 89 12 W",Republic,18.0,EL SALVADOR,5,63,2,9012,,422,,,,,North America
EQUATORIAL GUINEA,1737695,3.36%,29.46,8.9,13.01,20.3,1.15,77.85,4.19,95.3%,97.4%,93%,18.3%,equatorial guinea,EQUATORIAL GUINEA,23.92,,-0.95,14600.0,9.24,18.3,2.6,3.3,-3.3,37.4,calendar year,8.78,6.25,554.531,44.0,EQUATORIAL GUINEA,66.0,349000.0,,142600.0,,,5094.0,4569369000.0,4.0,EQUATORIAL GUINEA,"2 00 N, 10 00 E","28,051 sq km","28,051 sq km",0 sq km,528 km,296 km,"3,008 m",0 m,57.5%,32.4%,10.1%,4.3%,2.1%,3.7%,,EQUATORIAL GUINEA,"Malabo; note - Malabo is on the island of Bioko; in 2017, some governmental offices began to move to a new capital of Ciudad de la","3 45 N, 8 47 E",Republic,18.0,EQUATORIAL GUINEA,6,1,,2880,,,42.0,,,,Africa
ERITREA,6274796,1.08%,26.72,6.6,9.38,20.3,0.97,40.63,3.5,76.6%,14.7%,0.2%,14.6%,eritrea,ERITREA,9.7,,5.0,1600.0,8.05,14.6,633.0,9.8,-9.8,131.2,calendar year,624.3,1.13,15.075,50.0,ERITREA,52.0,228000.0,,0.0,,,3897.0,,798000.0,ERITREA,"15 00 N, 39 00 E","117,600 sq km","101,000 sq km","16,600 sq km","1,840 km","2,234 km","3,018 m",-75 m,15.1%,9.8%,75.1%,6.8%,0%,68.3%,210 sq km,ERITREA,Asmara,"15 20 N, 38 56 E",Republic,18.0,ERITREA,4,9,1,16000,306,,,,,,Africa
ESTONIA,1202762,0.74%,8.48,13.13,2.73,43.7,0.89,3.38,1.62,99.9%,36.3%,23%,17.1%,estonia,ESTONIA,51.53,,8.01,38700.0,6.33,17.1,12.28,0.3,-0.3,23.77,calendar year,29.06,29.23,0.845,21.7,ESTONIA,100.0,3030000.0,0.0,21800.0,,27150.0,35520.0,0.0,4.0,ESTONIA,"59 00 N, 26 00 E","45,228 sq km","42,388 sq km","2,840 sq km",657 km,"3,794 km",318 m,0 m,52.1%,25.7%,22.2%,14.9%,0.1%,7.2%,20 sq km,ESTONIA,Tallinn,"59 26 N, 24 43 E",Republic,18.0,ESTONIA,13,5,1,58412,1441,335,2360.0,,,,Europe
ESWATINI,1130043,0.72%,22.83,9.53,6.07,23.7,0.9,38.12,2.41,88.4%,16.5%,1.8%,50.9%,eswatini,ESWATINI,10.56,,7.88,8900.0,25.76,50.9,1.13,8.5,-8.5,28.4,1 April - 31 March,2.13,2.17,14.783,58.9,ESWATINI,82.0,286000.0,108000.0,0.0,,,5279.0,,1.0,ESWATINI,"26 30 S, 31 30 E","17,364 sq km","17,204 sq km",160 sq km,546 km,0 km,"1,862 m",21 m,31.7%,0%,68.3%,9.8%,0.8%,57.7%,500 sq km,ESWATINI,Mbabane,"26 19 S, 31 08 E",Monarchy,18.0,ESWATINI,2,12,,3769,301,,,,,,Africa
ETHIOPIA,116462712,2.42%,29.97,5.6,0.19,19.8,0.99,32.44,3.92,51.8%,8.8%,1.3%,5.7%,ethiopia,ETHIOPIA,278.94,,5.64,2300.0,3.69,5.7,11.31,3.2,-3.2,31.45,8 July - 7 July,9.5,20.86,43.734,23.5,ETHIOPIA,54.0,4856000.0,0.0,0.0,,,69970.0,,16.0,ETHIOPIA,"8 00 N, 38 00 E","1,104,300 sq km","1,096,570 sq km","7,730 sq km","5,925 km",0 km,"4,550 m",-125 m,12.2%,51.5%,36.3%,15.2%,1.1%,20%,"1,813 sq km",ETHIOPIA,Addis Ababa,"9 02 N, 38 42 E",Republic,18.0,ETHIOPIA,17,40,,120171,659,,,,,,Africa
FIJI,947760,0.42%,16.25,6.44,5.65,29.9,1.03,9.85,2.23,99.1%,35.6%,10.5%,18.1%,fiji,FIJI,9.58,,-5.11,10400.0,5.24,18.1,885.0,4.0,-4.0,48.9,calendar year,1.17,2.34,2.071,29.9,FIJI,92.0,393000.0,,0.0,,,17460.0,,1.0,FIJI,"18 00 S, 175 00 E","18,274 sq km","18,274 sq km",0 sq km,0 km,"1,129 km","1,324 m",0 m,55.7%,21%,23.3%,9%,4.7%,9.6%,40 sq km,FIJI,Suva,"18 08 S, 178 25 E",Republic,18.0,FIJI,4,24,,3440,597,203,,,,,Oceania
FINLAND,5614571,0.22%,10.33,10.37,2.25,42.8,0.97,2.11,1.74,,26.9%,16.3%,18.1%,finland,FINLAND,275.55,,2.1,49600.0,7.53,18.1,140.64,0.6,-0.6,61.3,calendar year,116.91,116.28,0.845,12.2,FINLAND,100.0,20418000.0,762000.0,8300.0,310600.0,166200.0,122200.0,0.0,41.0,FINLAND,"64 00 N, 26 00 E","338,145 sq km","303,815 sq km","34,330 sq km","2,563 km","1,250 km","1,328 m",0 m,72.9%,19.6%,7.5%,7.4%,0%,0.1%,80 sq km,FINLAND,Helsinki,"60 10 N, 24 56 E",Republic,18.0,FINLAND,74,74,,454000,5918,8000,1288.0,,,,Europe
FRANCE,47222613,0.12%,7.1,10.1,4.2,46.3,0.95,2.4,1.29,98.6%,28.6%,26.7%,36.9%,france,FRANCE,3048.0,2778.0,6.8,45900.0,8.1,18.8,1392.0,,7.0,123.0,calendar year,569.1,571.4,0.85,13.6,FRANCE,100.0,138611000.0,2312000.0,81500.0,1.0,440600.0,886800.0,16226000.0,338.0,FRANCE,"metropolitan France: 46 00 N, 2 00 E;","643,801 sq km","640,427 sq km","3,374 sq km","3,956 km","4,853 km",,-2 m,29.2%,18.1%,52.7%,33.4%,1.8%,17.5%,"14,236 sq km",FRANCE,Madrid,"40 24 N, 3 41 W",Monarchy,18.0,FRANCE,294,170,1,1053215,27860,,15322.0,2939.0,,,Europe
GABON,2397368,2.39%,25.89,5.59,3.59,21.0,1.07,27.7,3.26,85.5%,86.2%,84.7%,38.4%,gabon,GABON,32.34,16.06,1.46,13800.0,22.26,38.4,3.3,1.9,-1.9,62.7,calendar year,10.8,5.02,554.531,33.4,GABON,91.0,784000.0,,175000.0,16580.0,4662.0,10680.0,319102000.0,2.0,GABON,"1 00 S, 11 45 E","267,667 sq km","257,667 sq km","10,000 sq km","3,261 km",885 km,"1,050 m",0 m,81%,0%,19%,1.2%,0.6%,17.2%,40 sq km,GABON,Libreville,"0 23 N, 9 27 E",Republic,18.0,GABON,14,30,,14300,649,1600,807.0,1639.0,,,Africa
"GAMBIA, THE",2468569,2.23%,28.03,5.71,0.04,21.8,0.98,36.44,3.66,58.1%,21.4%,0.8%,15.5%,gambia the,"GAMBIA, THE",5.48,1.75,4.27,2100.0,11.21,15.5,252.0,2.6,-2.6,88.0,calendar year,135.45,726.0,51.484,48.6,"GAMBIA, THE",63.0,137000.0,,0.0,,42.0,3738.0,,606000.0,"GAMBIA, THE","13 28 N, 16 34 W","11,300 sq km","10,120 sq km","1,180 sq km",749 km,80 km,,0 m,43.9%,0%,56.1%,41%,0.5%,14.6%,50 sq km,"GAMBIA, THE",Banjul,"13 27 N, 16 34 W",Republic,18.0,"GAMBIA, THE",1,2459,,2977,,390,,,,,Africa
GEORGIA,4936390,0.01%,10.79,10.76,0.06,38.6,0.92,14.45,1.75,99.6%,56.3%,7.1%,28.3%,georgia,GEORGIA,57.43,17.69,10.47,15500.0,10.66,28.3,4.74,3.8,-3.8,65.88,calendar year,8.09,11.15,3.222,19.5,GEORGIA,100.0,4579000.0,99000.0,300.0,247.0,2052.0,28490.0,6088000.0,10.0,GEORGIA,"42 00 N, 43 30 E","69,700 sq km","69,700 sq km",0 sq km,"1,814 km",310 km,"5,193 m",0 m,39.4%,25.1%,35.5%,5.8%,1.8%,27.9%,"4,330 sq km",GEORGIA,Tbilisi,"41 41 N, 44 50 E",Republic,18.0,GEORGIA,18,4,2,20295,1363,,1596.0,1175.0,,,Asia
GERMANY,84220184,0.12%,9.02,11.97,1.78,47.8,0.98,3.14,1.58,,24.1%,19.9%,7%,germany,GERMANY,4260.0,4230.0,1.8,51200.0,3.0,7.5,1797.0,12.8,,63.9,calendar year,1813.0,1665.0,0.85,14.8,GERMANY,100.0,218000000.0,114860000.0,135000.0,2158000.0,494000.0,883800.0,5129000000.0,726881000.0,GERMANY,"51 00 N, 9 00 E","357,022 sq km","348,672 sq km","8,350 sq km","3,694 km","2,389 km","2,963 m",-3.5 m,31.8%,20.2%,48%,34.1%,0.6%,13.3%,"5,056 sq km",GERMANY,Berlin,"52 31 N, 13 24 E",Republic,18.0,GERMANY,318,221,23,"830,000","39,379","7,300",26985.0,2400.0,4479.0,8.0,Europe
GHANA,33846114,2.19%,28.04,5.99,0.16,21.4,0.95,31.87,3.61,79%,6.6%,0.3%,9.6%,ghana,GHANA,178.46,65.36,5.36,5400.0,4.7,9.6,9.49,6.0,-6.0,71.8,calendar year,23.9,25.97,5.806,23.4,GHANA,86.0,5312000.0,0.0,185700.0,2073.0,2654.0,85110.0,1598653000.0,18.0,GHANA,"8 00 N, 2 00 W","238,533 sq km","227,533 sq km","11,000 sq km","2,420 km",539 km,885 m,0 m,21.2%,9.7%,69.1%,20.7%,11.9%,36.5%,360 sq km,GHANA,Accra,"5 33 N, 0 13 W",Republic,18.0,GHANA,7,3,,65725,947,1293,,,,,Africa
GREECE,10497595,0.35%,7.52,12.02,1.03,45.3,0.96,3.49,1.4,97.9%,36.5%,30.5%,36.9%,greece,GREECE,314.43,209.79,8.43,29500.0,14.8,36.9,98.52,0.8,0.8,252.29,calendar year,87.52,103.53,0.845,17.9,GREECE,100.0,21545000.0,13851000.0,4800.0,655400.0,371900.0,192200.0,5748000.0,70.0,GREECE,"39 00 N, 22 00 E","131,957 sq km","130,647 sq km","1,310 sq km","1,110 km","13,676 km",,0 m,30.5%,6.1%,63.4%,19.7%,8.9%,34.8%,"11,853 sq km",GREECE,Athens,"37 59 N, 23 44 E",Republic,17.0,GREECE,68,9,9,117000,2345,6,1466.0,94.0,,,Europe
GRENADA,114299,0.29%,13.61,8.34,2.34,33.3,1.03,9.2,1.92,98.6%,98.6%,98.6%,,grenada,GRENADA,1.71,1.12,4.69,13700.0,24.0,,323.0,3.2,3.2,70.4,calendar year,393.77,650.0,2.7,38.0,GRENADA,93.0,55000.0,,0.0,,,1886.0,0.0,316000.0,GRENADA,"12 07 N, 61 40 W",344 sq km,344 sq km,0 sq km,0 km,121 km,840 m,0 m,50%,17.7%,32.3%,8.8%,20.6%,2.9%,20 sq km,GRENADA,Saint George’s,"12 03 N, 61 45 W",Democracy,18.0,GRENADA,3,225,,1127,,,,,,,North America
GUATEMALA,17980803,1.54%,21.88,4.89,1.63,23.2,0.98,25.57,2.57,83.3%,20.1%,1.6%,7.2%,guatemala,GUATEMALA,152.73,76.68,7.98,8900.0,3.57,7.2,8.65,1.3,-1.3,31.56,calendar year,15.32,27.39,7.734,59.3,GUATEMALA,97.0,5185000.0,0.0,10300.0,1162.0,10810.0,97900.0,,19.0,GUATEMALA,"15 30 N, 90 15 W","108,889 sq km","107,159 sq km","1,730 sq km","1,667 km",400 km,"4,220 m",0 m,33.6%,25.2%,41.2%,14.2%,8.8%,18.2%,"3,375 sq km",GUATEMALA,Guatemala City,"14 37 N, 90 31 W",Republic,18.0,GUATEMALA,16,275,1,17440,800,990,,480.0,,,North America
GUINEA,13607249,2.75%,35.47,7.97,0.0,19.1,1.0,48.32,4.82,45.3%,61.2%,31.3%,8.2%,guinea,GUINEA,,,,,,8.2,,,,,,,,,,GUINEA,,,,,,,,,,GUINEA,"11 00 N, 10 00 W","245,857 sq km","245,717 sq km",140 sq km,"4,046 km",320 km,"1,752 m",0 m,26.5%,15.4%,58.1%,11.8%,2.8%,43.5%,950 sq km,GUINEA,Conakry,"9 30 N, 13 42 W",Republic,18.0,GUINEA,,,,,,,,,,,Africa
GUINEA-BISSAU,2078820,2.54%,36.25,7.32,3.54,18.0,0.96,47.69,4.65,52.9%,17%,0.9%,12.8%,guineabissau,GUINEA-BISSAU,58.99,23.58,6.06,3500.0,3.72,5.0,4.76,3.6,-3.6,48.3,calendar year,5.29,8.96,554.531,46.7,GUINEA-BISSAU,67.0,1312000.0,0.0,0.0,17590.0,4063.0,32050.0,60003000.0,10.0,GUINEA-BISSAU,"12 00 N, 15 00 W","36,125 sq km","28,120 sq km","8,005 sq km",762 km,350 km,277 m,0 m,55.2%,0%,44.8%,8.2%,6.9%,29.7%,250 sq km,GUINEA-BISSAU,Bissau,"11 51 N, 15 35 W",Republic,18.0,GUINEA-BISSAU,9,11,,16665,906,1000,43.0,,,,Africa
GUYANA,791739,0.28%,16.74,6.95,6.99,27.5,1.04,21.63,2.06,88.8%,21.7%,2.4%,29.9%,guyana,GUYANA,17.64,3.56,20.06,21900.0,16.42,29.9,1.33,4.5,-4.5,52.2,calendar year,4.64,6.61,208.5,35.0,GUYANA,92.0,380000.0,,110200.0,,,13720.0,,2.0,GUYANA,"5 00 N, 59 00 W","214,969 sq km","196,849 sq km","18,120 sq km","2,933 km",459 km,"2,775 m",0 m,77.4%,14.2%,8.4%,2.1%,0.1%,6.2%,"1,430 sq km",GUYANA,Georgetown,"6 48 N, 58 09 W",Republic,18.0,GUYANA,11,106,,3995,,330,,,,,South America
HAITI,"11,334,637",2.23%,22.31,7.23,-2.4,24.1,0.99,38.35,2.79,61.7%,65.3%,58.3%,33.2%,haiti,HAITI,,,,,,,,,,,,,,,,HAITI,,,,,,,,,,HAITI,"19 00 N, 72 25 W","27,750 sq km","27,560 sq km",190 sq km,376 km,"1,771 km","2,680 m",0 m,3.6%,64.1%,66.4%,38.5%,10.2%,17.7%,970 sq km,,,,,,HAITI,,,,,,,,,,,North America
HONDURAS,9571352,1.16%,17.64,4.69,1.32,24.4,0.95,14.77,1.98,88.5%,88.2%,88.7%,15.5%,honduras,HONDURAS,57.27,25.14,12.53,5600.0,8.51,15.5,6.48,2.7,-2.7,39.5,calendar year,7.94,14.49,24.017,48.3,HONDURAS,94.0,3991000.0,0.0,0.0,,12870.0,56120.0,,8.0,HONDURAS,"15 00 N, 86 30 W","112,090 sq km","111,890 sq km",200 sq km,"1,575 km",823 km,"2,870 m",0 m,45.3%,25.9%,28.8%,9.1%,4%,15.7%,900 sq km,HONDURAS,"Tegucigalpa; note - article eight of the Honduran constitution states that the twin cities of Tegucigalpa and Comayaguela, jointly,","14 06 N, 87 13 W",Republic,18.0,HONDURAS,13,90,,14742,699,465,,,,,North America
HUNGARY,9670009,0.31%,8.58,12.89,1.21,43.6,0.91,4.55,1.49,99.1%,35.8%,27.8%,13.5%,hungary,HUNGARY,326.19,163.25,7.12,33600.0,4.12,13.5,70.83,2.0,-2.0,96.11,calendar year,148.23,147.58,303.141,12.3,HUNGARY,100.0,10873000.0,6956000.0,35200.0,152400.0,58720.0,82110.0,1685000000.0,48.0,HUNGARY,"47 00 N, 20 00 E","93,028 sq km","89,608 sq km","3,420 sq km","2,106 km",0 km,"1,014 m",78 m,22.5%,18.6%,58.9%,48.5%,2%,8.4%,"1,010 sq km",HUNGARY,Budapest,"47 30 N, 19 05 E",Republic,18.0,HUNGARY,20,21,3,203601,7687,1622,5874.0,,,,Europe
ICELAND,360872,0.89%,12.8,6.57,2.69,37.1,1.0,1.63,1.95,,11.9%,12%,13.4%,iceland,ICELAND,19.96,24.61,4.4,53600.0,5.4,13.4,11.78,1.5,1.5,100.02,calendar year,9.78,10.23,126.989,8.8,ICELAND,100.0,2967000.0,0.0,0.0,,2530.0,20220.0,,3.0,ICELAND,"65 00 N, 18 00 W","103,000 sq km","100,250 sq km","2,750 sq km",0 km,"4,970 km","2,110 m",0 m,0.3%,81%,18.7%,1.2%,0%,17.5%,0.5 sq km,ICELAND,Reykjavik,"64 09 N, 21 57 W",Republic,18.0,ICELAND,7,89,,12898,,,,,,,Europe
INDIA,1399179585,0.7%,16.53,9.65,0.12,28.7,1.06,30.36,2.07,74.4%,41.3%,13%,28.3%,india,INDIA,9279.0,2836.0,8.68,6600.0,5.98,28.3,495.01,3.5,-3.5,46.52,1 April - 31 March,643.08,717.12,73.918,21.9,INDIA,99.0,432768000.0,743214000.0,771400.0,4897000.0,1305000.0,653300.0,27734833000.0,2314738000.0,INDIA,"20 00 N, 77 00 E","3,287,263 sq km","2,973,193 sq km","314,070 sq km","13,888 km","7,000 km","8,586 m",0 m,23.1%,16.4%,60.5%,52.8%,4.2%,3.5%,"715,539 sq km",INDIA,New Delhi,"28 36 N, 77 12 E",Republic,18.0,INDIA,253,93,45,"6,371,847","68,525","14,500",16000.0,8943.0,13977.0,,Asia
INDONESIA,279476346,0.76%,15.05,6.77,0.71,31.1,1.0,19.31,1.99,96%,71.4%,3.7%,16.1%,indonesia,INDONESIA,3246.0,1119720000000.0,3.69,11900.0,4.41,16.1,130.87,2.7,-2.7,42.92,calendar year,246.87,217.72,14.0,9.4,INDONESIA,99.0,69065000.0,563728000.0,842300.0,950000.0,79930.0,591500.0,62612013000.0,563.0,INDONESIA,"5 00 S, 120 00 E","1,904,569 sq km","1,811,569 sq km","93,000 sq km","2,958 km","54,716 km","4,884 m",0 m,51.7%,17.1%,31.2%,13%,12.1%,6.1%,"67,220 sq km",INDONESIA,Jakarta; note - Indonesian lawmakers on 18 January 2022 approved the relocation of the country’s capital from Jakarta to a site on,"6 10 S, 106 49 E",Republic,17.0,INDONESIA,186,487,76,496607,8159,21579,1064.0,,,,Asia
IRAN,87590873,0.93%,14.79,5.2,0.3,31.7,1.03,14.58,1.92,88.7%,24.1%,3.1%,27.2%,iran,IRAN,1319.0,581.25,4.72,15000.0,11.46,27.2,60.71,2.3,-2.3,39.5,21 March - 20 March,101.4,76.39,42.0,18.7,IRAN,100.0,80553000.0,2783000.0,3450300.0,1.0,397200.0,64160.0,237561415000.0,646.0,IRAN,"32 00 N, 53 00 E","1,648,195 sq km","1,531,595 sq km","116,600 sq km","5,894 km","2,440 km","5,625 m",-28 m,6.8%,63.1%,30.1%,10.8%,1.2%,18.1%,"79,721 sq km",IRAN,Tehran,"35 42 N, 51 25 E",Republic,18.0,IRAN,140,179,26,223485,,850,973.0,,,,Asia
IRAQ,41266109,1.94%,24.22,3.88,0.98,21.2,1.01,19.17,3.17,85.6%,35.1%,1.8%,27.2%,iraq,IRAQ,390.17,231.99,2.78,9000.0,14.19,27.2,51.53,4.2,-4.2,27.44,calendar year,78.26,50.71,1.0,23.0,IRAQ,100.0,28369000.0,,,398000.0,8284.0,255100.0,10711000000.0,143.0,IRAQ,"33 00 N, 44 00 E","438,317 sq km","437,367 sq km",950 sq km,"3,809 km",58 km,"3,611 m",0 m,1.9%,80%,18.1%,8.4%,0.5%,9.2%,"35,250 sq km",IRAQ,Baghdad,"33 20 N, 44 24 E",Republic,18.0,IRAQ,72,30,16,59623,2272,5279,2455.0,5432.0,,,Asia
IRELAND,5323991,0.91%,12.08,6.74,3.76,37.8,1.0,3.41,1.91,,22.5%,19%,17.4%,ireland,IRELAND,515.88,398.48,13.59,102500.0,6.63,17.4,99.78,0.3,-0.3,71.58,calendar year,677.03,477.54,0.845,13.1,IRELAND,100.0,11430000.0,0.0,600.0,64970.0,37040.0,126600.0,2652000000.0,35.0,IRELAND,"53 00 N, 8 00 W","70,273 sq km","68,883 sq km","1,390 sq km",490 km,"1,448 km","1,041 m",0 m,10.9%,23%,66.1%,15.4%,0%,50.7%,0 sq km,IRELAND,Dublin,"53 19 N, 6 14 W",Republic,18.0,IRELAND,16,24,,99830,1688,956,2427.0,,,,Europe
ISRAEL,9043387,1.43%,17.3,5.05,1.99,30.4,1.01,3.49,2.54,97.8%,28.9%,13.5%,8.8%,israel,ISRAEL,393.86,394.93,8.61,42100.0,5.05,8.8,139.37,2.0,-2.0,72.6,calendar year,143.88,124.58,3.23,22.0,ISRAEL,100.0,18993000.0,0.0,0.0,294300.0,111700.0,98860.0,10474000000.0,61.0,ISRAEL,"31 30 N, 34 45 E","21,937 sq km","21,497 sq km",440 sq km,"1,068 km",273 km,,-431 m,7.1%,69.1%,23.8%,13.7%,3.8%,6.3%,"2,159 sq km",ISRAEL,Jerusalem; note - the US recognized Jerusalem as Israel’s capital in December 2017 without taking a position on the specific,"31 46 N, 35 14 E",Democracy,18.0,ISRAEL,33,9,3,20391,1497,,763.0,442.0,,,Asia
ITALY,61021855,0.11%,7.0,11.27,3.2,46.5,0.93,3.11,1.24,99.2%,26.6%,19.5%,30.9%,italy,ITALY,2478.0,2002763000000.0,6.74,41900.0,9.83,30.9,901.49,2.3,-2.3,131.8,calendar year,687.95,637.93,0.845,20.1,ITALY,100.0,121442000.0,1456000.0,107700.0,1.0,615900.0,422500.0,3888491000.0,332.0,ITALY,"42 50 N, 12 50 E","301,340 sq km","294,140 sq km","7,200 sq km","1,836.4 km","7,600 km","4,748 m",0 m,31.4%,21.5%,47.1%,22.8%,8.6%,15.7%,"26,010 sq km",ITALY,Rome,"41 54 N, 12 29 E",Republic,18.0,ITALY,98,31,5,487700,18475,2400,20223.0,1393.0,,,Europe
JAMAICA,2820982,0.09%,15.77,7.44,7.42,29.4,0.98,10.92,2.05,88.7%,22.1%,31.4%,26.1%,jamaica,JAMAICA,27.14,15.85,4.6,9600.0,9.18,26.1,4.03,0.5,0.5,106.28,1 April - 31 March,4.38,7.41,150.79,17.1,JAMAICA,100.0,1216000.0,0.0,3000.0,24250.0,823.0,30580.0,0.0,10.0,JAMAICA,"18 15 N, 77 30 W","10,991 sq km","10,831 sq km",160 sq km,0 km,"1,022 km","2,256 m",0 m,31.1%,27.5%,41.4%,11.1%,9.2%,21.1%,250 sq km,JAMAICA,Kingston,"18 00 N, 76 48 W",Democracy,18.0,JAMAICA,11,17,,22121,,,,,,,North America
JAPAN,123719238,0.41%,6.9,11.74,0.74,48.6,0.95,1.88,1.39,,30.1%,10%,4.4%,japan,JAPAN,4940.0,5060.0,1.0,39300.0,2.6,4.1,1714.0,,8.2,261.3,1 April - 31 March,756.0,721.0,110.2,15.7,JAPAN,100.0,306000000.0,0.0,3200.0,3467000.0,370900.0,582500.0,2321000000.0,1135887000.0,JAPAN,"36 00 N, 138 00 E","377,915 sq km","364,485 sq km","13,430 sq km",0 km,"29,751 km","3,776 m",-4 m,68.5%,19%,12.5%,11.7%,0.8%,0%,"15,730 sq km",JAPAN,Tokyo,"35 41 N, 139 45 E",Monarchy,18.0,JAPAN,142,33,16,"1,218,772","27,311","1,770",4456.0,174.0,,104.0,Asia
JORDAN,11086716,0.79%,22.37,3.47,10.99,23.5,1.1,13.56,2.91,98.4%,56.8%,12.8%,40.5%,jordan,JORDAN,102.82,44.57,2.23,9200.0,19.25,40.5,10.81,5.1,-5.1,75.14,calendar year,13.86,23.39,0.71,15.7,JORDAN,99.0,5644000.0,0.0,0.0,67240.0,,68460.0,115872000.0,23.0,JORDAN,"31 00 N, 36 00 E","89,342 sq km","88,802 sq km",540 sq km,"1,744 km",26 km,"1,854 m",-431 m,1.1%,87.5%,11.4%,2%,1%,8.4%,833 sq km,JORDAN,Amman,"31 57 N, 35 56 E",Monarchy,18.0,JORDAN,16,2,1,7203,509,,473.0,49.0,,,Asia
KAZAKHSTAN,19543464,0.73%,14.92,8.05,0.39,31.6,0.9,18.77,2.08,99.8%,39.6%,6.7%,3.7%,kazakhstan,KAZAKHSTAN,496.13,181.19,4.3,26100.0,4.9,3.7,29.95,1.8,-1.8,26.63,calendar year,66.13,49.2,425.908,4.3,KAZAKHSTAN,100.0,25022000.0,102338000.0,1864900.0,290700.0,105900.0,39120.0,25786000000.0,263.0,KAZAKHSTAN,"48 00 N, 68 00 E","2,724,900 sq km","2,699,700 sq km","25,200 sq km","13,364 km",0 km,"7,010 m",-132 m,1.2%,21.4%,77.4%,8.9%,0%,68.5%,"18,099 sq km",KAZAKHSTAN,Astana,"51 10 N, 71 25 E",Republic,18.0,KAZAKHSTAN,63,33,3,96167,16636,43983,15429.0,,,,Asia
KENYA,57052004,2.09%,26.01,4.95,0.19,20.0,1.0,26.94,3.23,82.6%,19.5%,2.7%,13.8%,kenya,KENYA,251.43,95.52,7.52,4700.0,5.74,13.8,16.89,6.7,-6.7,54.2,1 July - 30 June,11.82,21.85,109.638,36.1,KENYA,76.0,3304000.0,0.0,0.0,13960.0,173.0,90620.0,0.0,17.0,KENYA,"1 00 N, 38 00 E","580,367 sq km","569,140 sq km","11,227 sq km","3,457 km",536 km,"5,199 m",0 m,6.1%,45.8%,48.1%,9.8%,0.9%,37.4%,"1,030 sq km",KENYA,Nairobi,"1 17 S, 36 49 E",Republic,18.0,KENYA,16,181,,161452,3819,,,1432.0,,,Africa
KIRIBATI,115372,1.02%,19.92,6.91,2.79,25.7,0.94,32.2,2.18,,53.9%,27.3%,22.5%,kiribati,KIRIBATI,249.64,197.0,1.5,1900.0,30.6,22.5,281.0,64.1,-64.1,26.3,,10.75,201.98,1.331,,KIRIBATI,92.0,11000.0,,0.0,,,420.0,,76000.0,KIRIBATI,"1 25 N, 173 00 E",811 sq km,811 sq km,0 sq km,0 km,"1,143 km",81 m,0 m,15%,43%,42%,2.5%,39.5%,0%,0 sq km,KIRIBATI,Tarawa,"1 21 N, 173 02 E",Republic,18.0,KIRIBATI,4,15,,670,,5,,,,,Oceania
"KOREA, NORTH",26072217,0.44%,14.06,9.66,0.04,34.6,0.95,22.0,1.89,100%,34.8%,0%,6.1%,korea north,"KOREA, NORTH",40.0,28.0,-1.1,1700.0,2.59,6.1,3.2,0.4,-0.4,,calendar year,222.0,2.32,135.0,,"KOREA, NORTH",52.0,8413000.0,16376000.0,0.0,11270.0,0.0,8260.0,,18.0,"KOREA, NORTH","40 00 N, 127 00 E","120,538 sq km","120,408 sq km",130 sq km,"1,607 km","2,495 km","2,744 m",0 m,46%,32.2%,21.8%,19.5%,1.9%,0.4%,"14,600 sq km","KOREA, NORTH",Pyongyang,"39 01 N, 125 45 E",Other,17.0,"KOREA, NORTH",39,43,23,25554,7435,2250,,,,,Asia
"KOREA, SOUTH",51966948,0.23%,6.95,7.28,2.61,43.2,1.01,2.83,1.11,,35.7%,5.9%,7.8%,korea south,"KOREA, SOUTH",2289.0,1646604000000.0,4.15,44200.0,3.53,7.8,378.55,1.4,1.4,46.43,calendar year,771.2,698.1,1.0,14.4,"KOREA, SOUTH",100.0,135789000.0,16364000.0,37400.0,3.0,1.0,908800.0,240042000.0,686.0,"KOREA, SOUTH","37 00 N, 127 30 E","99,720 sq km","96,920 sq km","2,800 sq km",237 km,"2,413 km","1,950 m",0 m,63.9%,18%,18.1%,15.3%,2.2%,0.6%,"7,780 sq km","KOREA, SOUTH","Seoul; note - Sejong, located some 120 km","37 33 N, 126 59 E",Republic,18.0,"KOREA, SOUTH",71,40,466,100428,3979,1600,3790.0,16.0,,,Asia
KUWAIT,3103580,1.13%,17.65,2.27,4.07,29.7,1.37,7.27,2.22,96.5%,33.5%,2.2%,25.5%,kuwait,KUWAIT,191.52,134.64,-8.86,43900.0,3.71,25.5,77.99,10.0,-10.0,20.6,1 April - 31 March,77.12,48.95,0.302,,KUWAIT,100.0,19371000.0,0.0,2720500.0,915800.0,705500.0,0.0,19509907000.0,92.0,KUWAIT,"29 30 N, 45 45 E","17,818 sq km","17,818 sq km",0 sq km,475 km,499 km,300 m,0 m,0.4%,91.1%,8.5%,0.6%,0.3%,7.6%,100 sq km,KUWAIT,Kuwait City,"29 22 N, 47 58 E",Monarchy,21.0,KUWAIT,4,3,4,5749,,,261.0,540.0,,,Asia
KYRGYZSTAN,6122781,0.82%,19.08,6.07,4.83,27.3,0.96,25.08,2.47,99.6%,48%,2.8%,19.3%,kyrgyzstan,KYRGYZSTAN,32.22,8.44,3.61,4800.0,9.1,19.3,2.88,3.2,-3.2,72.23,calendar year,3.35,5.92,84.641,20.1,KYRGYZSTAN,99.0,4626000.0,2287000.0,700.0,6996.0,2290.0,34280.0,25542000.0,7.0,KYRGYZSTAN,"41 00 N, 75 00 E","199,951 sq km","191,801 sq km","8,150 sq km","4,573 km",0 km,"7,439 m",132 m,5.1%,39.5%,55.4%,6.7%,0.4%,48.3%,"10,043 sq km",KYRGYZSTAN,Bishkek,"42 52 N, 74 36 E",Republic,18.0,KYRGYZSTAN,18,10,,34000,424,576,4195.0,,,,Asia
LAOS,7852377,1.3%,20.35,6.26,1.09,24.0,0.99,36.56,2.3,87.1%,53.3%,10.3%,3.3%,laos,LAOS,58.26,16.97,2.53,7800.0,1.26,3.3,2.9,5.5,-5.5,63.6,1 October - 30 September,7.82,6.53,9.0,18.3,LAOS,100.0,9346000.0,16040000.0,0.0,,,17460.0,,40.0,LAOS,"18 00 N, 105 00 E","236,800 sq km","230,800 sq km","6,000 sq km","5,274 km",0 km,"2,817 m",70 m,67.9%,21.5%,10.6%,6.2%,0.7%,3.7%,"4,409 sq km",LAOS,Vientiane,"17 58 N, 102 36 E",Communist,18.0,LAOS,8,33,,39586,422,4600,,,,,Asia
LATVIA,1821750,1.13%,8.5,14.69,5.06,44.4,0.87,4.78,1.55,99.9%,50.3%,23.7%,15.5%,latvia,LATVIA,60.46,34.08,4.07,32100.0,7.6,15.5,12.93,0.5,-0.5,36.3,calendar year,25.25,26.62,0.845,22.9,LATVIA,100.0,3089000.0,0.0,1600.0,,16180.0,54370.0,0.0,8.0,LATVIA,"57 00 N, 25 00 E","64,589 sq km","62,249 sq km","2,340 sq km","1,370 km",498 km,312 m,0 m,54.1%,16.7%,29.2%,18.6%,0.1%,10.5%,6 sq km,LATVIA,Riga,"56 57 N, 24 06 E",Republic,18.0,LATVIA,18,24,1,70244,2216,300,1213.0,,,,Europe
LEBANON,5331203,0.64%,12.86,5.57,0.94,33.7,1.0,6.88,1.71,95.1%,47.5%,28.9%,29.6%,lebanon,LEBANON,72.58,53.25,-7.0,13000.0,14.49,29.6,11.06,6.9,-6.9,146.8,calendar year,10.15,17.38,1.0,27.4,LEBANON,100.0,3768000.0,0.0,0.0,,,151100.0,,25.0,LEBANON,"33 50 N, 35 50 E","10,400 sq km","10,230 sq km",170 sq km,484 km,225 km,"3,088 m",0 m,13.4%,23.3%,63.3%,11.9%,12.3%,39.1%,"1,040 sq km",LEBANON,Beirut,"33 52 N, 35 30 E",Republic,21.0,LEBANON,5,3,1,21705,401,,88.0,,,,Asia
LESOTHO,2210646,0.76%,23.01,10.9,4.52,24.7,0.98,47.04,2.88,81%,43.1%,5.4%,37.4%,lesotho,LESOTHO,5.24,2.46,1.35,2300.0,24.6,37.4,1.05,6.0,-6.0,33.7,1 April - 31 March,1.08,2.22,14.779,49.7,LESOTHO,50.0,74000.0,,0.0,,,5118.0,,736000.0,LESOTHO,"29 30 S, 28 30 E","30,355 sq km","30,355 sq km",0 sq km,"1,106 km",0 km,"3,482 m","1,400 m",1.5%,22.4%,76.1%,10.1%,0.1%,65.9%,12 sq km,LESOTHO,Maseru,"29 19 S, 27 29 E",Monarchy,18.0,LESOTHO,3,21,,5940,,,,,,,Africa
LIBERIA,5506280,2.71%,36.26,6.46,2.67,18.0,1.0,43.2,4.73,48.3%,14.3%,2%,3.2%,liberia,LIBERIA,7.39,3.07,4.99,1400.0,4.09,3.2,5.0,4.3,-4.3,34.4,calendar year,554.01,1.24,191.518,50.9,LIBERIA,29.0,196000.0,,0.0,,,8181.0,,1.0,LIBERIA,"6 30 N, 9 30 W","111,369 sq km","96,320 sq km","15,049 sq km","1,667 km",579 km,"1,447 m",0 m,44.6%,27.3%,28.1%,5.2%,2.1%,20.8%,30 sq km,LIBERIA,Monrovia,"6 18 N, 10 48 W",Republic,18.0,LIBERIA,2,27,,10600,429,,,,,,Africa
LIBYA,7252573,1.54%,20.88,3.45,2.05,25.8,1.04,10.95,3.04,91%,96.7%,85.6%,50.5%,libya,LIBYA,147.94,52.26,31.37,22000.0,19.58,50.5,28.0,25.1,-25.1,4.7,calendar year,9.54,14.33,4.514,,LIBYA,70.0,10516000.0,,1252800.0,89620.0,16880.0,168200.0,12414736000.0,38.0,LIBYA,"25 00 N, 17 00 E","1,759,540 sq km","1,759,540 sq km",0 sq km,"4,339 km","1,770 km","2,267 m",-47 m,0.1%,91.1%,8.8%,1%,0.2%,7.6%,"4,700 sq km",LIBYA,Tripoli,"32 53 N, 13 10 E",Other,18.0,LIBYA,68,78,2,37000,,,3743.0,7005.0,,,Africa
LIECHTENSTEIN,39993,0.7%,10.3,8.05,4.78,43.7,0.99,3.98,1.69,,9.4%,8.8%,9.1%,liechtenstein,LIECHTENSTEIN,618.23,731.5,4.22,71000.0,5.32,9.1,239.77,1.1,1.1,20.91,calendar year,571.38,480.52,0.914,16.0,LIECHTENSTEIN,100.0,22921000.0,0.0,300.0,61550.0,7345.0,165100.0,0.0,38.0,LIECHTENSTEIN,"47 16 N, 9 32 E",160 sq km,160 sq km,0 sq km,75 km,0 km,"2,599 m",430 m,43.1%,19.3%,37.6%,18.8%,0%,18.8%,0 sq km,LIECHTENSTEIN,Vaduz,"47 08 N, 9 31 E",Monarchy,18.0,LIECHTENSTEIN,40,23,2,71557,5296,1292,1800.0,94.0,,,Europe
LITHUANIA,2655755,1.04%,9.09,15.17,4.34,44.5,0.86,3.61,1.61,99.8%,42.1%,21.8%,19%,lithuania,LITHUANIA,110.09,54.6,5.98,39300.0,7.9,19.0,18.64,0.5,0.5,53.28,calendar year,53.4,50.38,0.845,20.6,LITHUANIA,100.0,3512000.0,0.0,4000.0,196500.0,174800.0,42490.0,0.0,14.0,LITHUANIA,"56 00 N, 24 00 E","65,300 sq km","62,680 sq km","2,620 sq km","1,545 km",90 km,294 m,0 m,34.6%,20.6%,44.8%,34.9%,0.5%,9.4%,16 sq km,LITHUANIA,,,,,LITHUANIA,22,39,,84166,1911,441,1921.0,,,,Europe
LUXEMBOURG,660924,1.58%,11.59,7.17,11.39,39.5,1.02,3.21,1.63,,22.4%,19.8%,15.2%,luxembourg,LUXEMBOURG,74.05,71.09,5.1,115700.0,5.23,15.2,31.74,1.5,1.5,23.0,calendar year,177.83,148.15,0.845,17.5,LUXEMBOURG,100.0,1899000.0,0.0,0.0,,,59020.0,0.0,11.0,LUXEMBOURG,"49 45 N, 6 10 E","2,586 sq km","2,586 sq km",0 sq km,327 km,0 km,559 m,133 m,33.5%,15.8%,50.7%,24%,0.6%,26.1%,0 sq km,LUXEMBOURG,Luxembourg,"49 36 N, 6 07 E",Monarchy,18.0,LUXEMBOURG,1,1,1,2875,271,37,142.0,,,,Europe
MADAGASCAR,28812195,2.22%,28.14,5.92,0.0,20.3,1.0,38.27,3.55,77.3%,42.7%,12.8%,4.8%,madagascar,MADAGASCAR,42.32,13.96,4.4,1500.0,2.59,4.8,1.51,2.7,-2.7,36.0,calendar year,3.34,4.77,3.0,70.7,MADAGASCAR,35.0,587000.0,0.0,0.0,,,18880.0,,4.0,MADAGASCAR,"20 00 S, 47 00 E","587,041 sq km","581,540 sq km","5,501 sq km",0 km,"4,828 km","2,876 m",0 m,21.5%,7.4%,71.1%,6%,1%,64.1%,"10,860 sq km",MADAGASCAR,Antananarivo,"18 55 S, 47 31 E",Republic,18.0,MADAGASCAR,26,57,,31640,836,600,,,,,Africa
MALAWI,21279597,2.28%,27.29,4.51,0.0,16.8,0.96,32.68,3.3,67.3%,17.5%,4.1%,9.9%,malawi,MALAWI,29.66,7.77,2.75,1500.0,7.02,9.9,1.63,3.4,-3.4,44.89,1 April - 31 March,1.54,3.58,749.527,51.5,MALAWI,14.0,618000.0,48000.0,0.0,,,4769.0,,1.0,MALAWI,"13 30 S, 34 00 E","118,484 sq km","94,080 sq km","24,404 sq km","2,857 km",0 km,"3,002 m",37 m,34%,6.8%,59.2%,38.2%,1.4%,19.6%,740 sq km,MALAWI,Lilongwe,"13 58 S, 33 47 E",Republic,18.0,MALAWI,7,25,,15452,767,700,,,,,Africa
MALAYSIA,34219975,1.01%,14.39,5.72,1.46,29.2,1.05,6.49,1.74,95%,43.8%,1.1%,15.6%,malaysia,MALAYSIA,884.11,364.63,3.09,26300.0,4.61,15.6,77.74,3.0,-3.0,62.03,calendar year,256.66,230.19,4.143,5.6,MALAYSIA,100.0,34959000.0,2977000.0,593800.0,528300.0,208400.0,304600.0,74985350000.0,254.0,MALAYSIA,"2 30 N, 112 30 E","329,847 sq km","328,657 sq km","1,190 sq km","2,742 km","4,675 km","4,095 m",0 m,62%,14.8%,23.2%,2.9%,19.4%,0.9%,"4,420 sq km",MALAYSIA,Kuala Lumpur; note - nearby Putrajaya is referred to as a federal government administrative center but not the capital; Parliament,"3 10 N, 101 42 E",Monarchy,18.0,MALAYSIA,39,75,4,144403,1851,7200,6439.0,1937.0,,,Asia
MALDIVES,389568,0.17%,15.33,4.2,12.8,29.5,1.06,25.02,1.7,97.9%,44.4%,6%,17.7%,maldives,MALDIVES,9.79,4.5,41.75,18800.0,6.08,17.7,993.0,10.1,-10.1,63.9,calendar year,3.95,3.5,15.373,8.2,MALDIVES,100.0,545000.0,,0.0,,,10840.0,,2.0,MALDIVES,"3 15 N, 73 00 E",298 sq km,298 sq km,0 sq km,0 km,644 km,5 m,0 m,3%,73.7%,23.3%,10%,10%,3.3%,0 sq km,MALDIVES,Male,"4 10 N, 73 30 E",Republic,18.0,MALDIVES,7,2,,93,,,,,,,Asia
MALI,21359722,2.93%,40.54,8.3,2.99,16.0,0.95,58.99,5.45,35.5%,15.6%,1%,17.3%,mali,MALI,46.45,17.51,3.05,2100.0,7.72,17.3,2.66,2.9,-2.9,35.4,calendar year,5.2,6.34,554.531,42.1,MALI,53.0,890000.0,,0.0,,,20610.0,,5.0,MALI,"17 00 N, 4 00 W","1,240,192 sq km","1,220,190 sq km","20,002 sq km","7,908 km",0 km,"1,155 m",23 m,10.2%,55.7%,34.1%,5.6%,0.1%,28.4%,"3,780 sq km",MALI,Bamako,"12 39 N, 8 00 W",Republic,18.0,MALI,8,17,2,139107,593,1800,,,,,Africa
MALTA,467138,0.59%,9.59,8.61,4.96,42.3,1.02,4.45,1.51,94.9%,26.4%,21.6%,9.8%,malta,MALTA,23.16,14.99,10.3,44700.0,3.5,9.8,5.66,3.9,3.9,50.7,calendar year,22.11,21.36,0.845,17.1,MALTA,100.0,784000.0,,0.0,,10400.0,52290.0,0.0,9.0,MALTA,"35 50 N, 14 35 E",316 sq km,316 sq km,0 sq km,0 km,196.8 km,253 m,0 m,0.9%,66.8%,32.3%,28.4%,3.9%,0%,35 sq km,MALTA,Valletta,"35 53 N, 14 30 E",Republic,18.0,MALTA,1,392,2,3096,,,,,,,Europe
MARSHALL ISLANDS,80966,1.3%,21.61,4.3,4.31,23.8,1.03,21.13,2.72,98.3%,48.7%,8.3%,26%,marshall islands,MARSHALL ISLANDS,250.69,222.0,1.11,6000.0,36.0,26.0,148.0,1.3,1.3,41.71,1 October - 30 September,1.37,10.7,,,MARSHALL ISLANDS,99.0,,,,,,2060.0,,293700.0,MARSHALL ISLANDS,"9 00 N, 168 00 E",181 sq km,181 sq km,0 sq km,0 km,370.4 km,14 m,0 m,49.3%,0%,50.7%,7.8%,31.2%,11.7%,0 sq km,MARSHALL ISLANDS,Majuro; note - the capital is an atoll of 64 islands; governmental buildings are housed on three fused islands on the eastern side of the,"7 06 N, 171 23 E",Other,18.0,MARSHALL ISLANDS,4,11,,2028,,,,,,,Oceania
MAURITANIA,4244878,1.96%,27.61,7.33,0.71,21.0,0.93,49.95,3.46,67%,19.3%,2.1%,23%,mauritania,MAURITANIA,24.49,706.0,2.45,5300.0,11.46,23.0,1.62,0.8,-0.8,96.6,calendar year,3.18,4.31,36.063,31.0,MAURITANIA,47.0,656000.0,,0.0,,,17290.0,,4.0,MAURITANIA,"20 00 N, 12 00 W","1,030,700 sq km","1,030,700 sq km",0 sq km,"5,002 km",754 km,915 m,-5 m,0.2%,61.3%,38.5%,0.4%,0%,38.1%,450 sq km,MAURITANIA,Nouakchott,"18 04 N, 15 58 W",Republic,18.0,MAURITANIA,9,21,,12253,728,1086,,,,,Africa
MAURITIUS,1309448,0.09%,9.82,8.95,0.0,36.3,0.95,11.84,1.35,92.2%,37.3%,3%,25.3%,mauritius,MAURITIUS,,,,,,25.3,,,,,,,,,,MAURITIUS,,,,,,,,,,MAURITIUS,"20 17 S, 57 33 E","2,040 sq km","2,030 sq km",10 sq km,0 km,177 km,828 m,0 m,17.3%,38.9%,43.8%,38.4%,2%,3.4%,158 sq km,MAURITIUS,Port Louis,"20 09 S, 57 29 E",Republic,18.0,MAURITIUS,,,,,,,,,,,Africa
MEXICO,129875529,0.61%,13.95,7.07,0.77,29.3,0.96,12.0,1.73,95.2%,19.9%,6.2%,8.1%,mexico,MEXICO,2418.0,1269956000000.0,4.72,19100.0,4.38,8.1,264.26,1.1,-1.1,54.3,calendar year,522.24,544.75,20.272,41.9,MEXICO,100.0,93430000.0,9886000.0,1905500.0,844600.0,155800.0,867500.0,27037730000.0,463.0,MEXICO,"23 00 N, 102 00 W","1,964,375 sq km","1,943,945 sq km","20,430 sq km","4,389 km","9,330 km","5,636 m",-10 m,33.3%,11.8%,54.9%,11.8%,1.4%,41.7%,"60,620 sq km",MEXICO,Mexico City,"19 26 N, 99 08 W",Republic,18.0,MEXICO,243,1471,1,704884,23389,2900,17210.0,,,,North America
"MICRONESIA, FEDERATED STATES OF",100319,0.7%,18.12,4.2,20.92,26.3,0.96,21.37,2.22,,10.4%,29.9%,18.9%,micronesia federated states of,"MICRONESIA, FEDERATED STATES OF",375.06,328.0,-3.19,3300.0,16.2,18.9,320.0,6.6,6.6,25.4,1 October - 30 September,179.0,126.0,1.0,41.2,"MICRONESIA, FEDERATED STATES OF",83.0,,,,,,,,177000.0,"MICRONESIA, FEDERATED STATES OF","6 55 N, 158 15 E",702 sq km,702 sq km,0 sq km,0 km,"6,112 km",782 m,0 m,74.5%,0%,25.5%,2.3%,19.7%,3.5%,0 sq km,"MICRONESIA, FEDERATED STATES OF",Palikir,"6 55 N, 158 09 E",Republic,18.0,"MICRONESIA, FEDERATED STATES OF",6,,,,,,,,,,Oceania
MOLDOVA,3250532,1.14%,9.94,12.51,8.8,37.7,0.96,11.38,1.59,99.6%,51.7%,6.2%,8.6%,moldova,MOLDOVA,36.64,11.98,13.94,14000.0,3.96,8.6,3.58,0.6,-0.6,33.01,calendar year,4.2,7.92,17.68,7.3,MOLDOVA,100.0,594000.0,0.0,0.0,232.0,275.0,18160.0,57000.0,8.0,MOLDOVA,"47 00 N, 29 00 E","33,851 sq km","32,891 sq km",960 sq km,"1,885 km",0 km,430 m,2 m,11.9%,13.2%,74.9%,55.1%,9.1%,10.7%,"2,155 sq km",MOLDOVA,Chisinau in Romanian,"47 00 N, 28 51 E",Republic,18.0,MOLDOVA,5,2,,9352,1171,558,2026.0,,,,Europe
MONACO,31597,0.66%,6.61,10.92,10.89,55.4,0.94,1.75,1.53,,25.7%,27.9%,26.6%,monaco,MONACO,7.67,6.01,21.55,115700.0,2.0,26.6,896.3,1.0,-1.0,,calendar year,964.6,1.37,0.885,,MONACO,100.0,,,,,,,,,MONACO,"43 44 N, 7 24 E",2 sq km,2 sq km,0 sq km,6 km,4.1 km,162 m,0 m,0%,99%,1%,0%,1%,0%,0 sq km,MONACO,Monaco,"43 44 N, 7 25 E",Monarchy,18.0,MONACO,,,1,,,,,,,,Europe
MONGOLIA,3255468,0.83%,15.37,6.33,0.77,29.8,0.95,19.77,1.89,99.2%,51.7%,7.1%,21%,mongolia,MONGOLIA,39.06,11.14,1.64,11700.0,7.08,21.0,3.7,6.4,-6.4,73.94,calendar year,8.95,9.26,2.0,28.4,MONGOLIA,100.0,1479000.0,43904000.0,16700.0,,,24190.0,,22.0,MONGOLIA,"46 00 N, 105 00 E","1,564,116 sq km","1,553,556 sq km","10,560 sq km","8,082 km",0 km,"4,374 m",560 m,7%,20%,73%,0.4%,0%,72.6%,602 sq km,MONGOLIA,Ulaanbaatar,"47 55 N, 106 55 E",Republic,18.0,MONGOLIA,15,29,1,113200,1815,580,,,,,Asia
MONTENEGRO,602445,0.43%,11.04,10.3,4.99,39.6,0.97,3.2,1.81,99%,31.6%,31.1%,31.6%,montenegro,MONTENEGRO,12.76,5.49,12.43,20600.0,18.49,31.6,2.05,5.6,-5.6,67.2,calendar year,2.5,3.64,0.845,24.5,MONTENEGRO,99.0,1006999.0,1456000.0,0.0,,357.0,6448.0,,2.0,MONTENEGRO,"42 30 N, 19 18 E","13,812 sq km","13,452 sq km",360 sq km,680 km,293.5 km,"2,534 m",0 m,40.4%,21.4%,38.2%,12.9%,1.2%,24.1%,24 sq km,MONTENEGRO,Podgorica; note - Cetinje retains the status of “Old Royal Capital”,"42 26 N, 19 16 E",Republic,18.0,MONTENEGRO,5,621,1,7762,250,,,,,,Europe
MOROCCO,37067420,0.88%,17.1,6.61,1.73,29.1,1.0,18.73,2.27,75.9%,28.2%,0.8%,27.2%,morocco,MOROCCO,303.34,118.86,7.93,8100.0,11.47,27.2,30.7,3.6,-3.6,65.1,calendar year,47.08,60.05,8.988,4.8,MOROCCO,100.0,14187000.0,0.0,0.0,66230.0,9504.0,229300.0,105678000.0,60.0,MOROCCO,"28 30 N, 10 00 W","716,550 sq km","716,300 sq km",250 sq km,"3,523.5 km","2,945 km","4,165 m",-59 m,11.5%,21%,67.5%,17.5%,2.9%,47.1%,"17,645 sq km",MOROCCO,Rabat,"34 01 N, 6 49 W",Monarchy,18.0,MOROCCO,36,26,1,57300,2067,,944.0,270.0,,,Africa
MOZAMBIQUE,32513805,2.55%,36.94,9.93,1.54,17.0,0.97,59.77,4.74,63.4%,23%,5.6%,8.1%,mozambique,MOZAMBIQUE,39.35,14.96,2.36,1200.0,3.98,8.1,4.57,5.6,-5.6,102.88,calendar year,6.4,10.39,65.465,46.1,MOZAMBIQUE,31.0,2765000.0,7250000.0,0.0,,,25130.0,5423828000.0,7.0,MOZAMBIQUE,"18 15 S, 35 00 E","799,380 sq km","786,380 sq km","13,000 sq km","4,783 km","2,470 km","2,436 m",0 m,43.7%,0%,56.3%,6.4%,0.3%,49.6%,"1,180 sq km",MOZAMBIQUE,Maputo,"25 57 S, 32 35 E",Republic,18.0,MOZAMBIQUE,21,77,,31083,4787,460,972.0,,,,Africa
NAMIBIA,"2,727,409",1.83%,25.3,7.3,0.0,22.5,1.02,31.4,3.29,91.5%,91.6%,91.4%,43.4%,namibia,NAMIBIA,,,,,,,,,,,,,,,,NAMIBIA,,,,,,,,,,NAMIBIA,"22 00 S, 17 00 E","824,292 sq km","823,290 sq km","1,002 sq km","4,220 km","1,572 km","2,573 m",0 m,8.8%,44%,47.2%,1%,0%,46.2%,80 sq km,,,,,,NAMIBIA,,,,,,,,,,,Africa
NAURU,9852,0.42%,20.71,6.39,10.15,27.0,0.96,7.72,2.58,,47.8%,49.1%,26.6%,nauru,NAURU,149.47,114.0,1.5,11900.0,23.0,26.6,195.0,9.2,-9.2,62.0,1 July - 30 June,187.0,94.2,1.331,,NAURU,100.0,15000.0,,0.0,,,449.0,,66000.0,NAURU,"0 32 S, 166 55 E",21 sq km,21 sq km,0 sq km,0 km,30 km,70 m,0 m,0%,80%,20%,0%,20%,0%,0 sq km,NAURU,no official capital; government offices in the Yaren District,,Republic,20.0,NAURU,1,6,,30,,,,,,,Oceania
NEPAL,30899443,0.74%,17.26,5.59,4.29,25.3,0.96,24.55,1.88,71.2%,47.9%,12.8%,9.5%,nepal,NEPAL,115.09,24.88,4.25,3800.0,5.05,9.5,7.3,0.1,-0.1,39.05,16 July - 15 July,2.52,16.99,118.134,25.2,NEPAL,89.0,1392000.0,28000.0,0.0,,,26120.0,,7.0,NEPAL,"28 00 N, 84 00 E","147,181 sq km","143,351 sq km","3,830 sq km","3,159 km",0 km,"8,849 m",70 m,25.4%,45.8%,28.8%,15.1%,1.2%,12.5%,"13,320 sq km",NEPAL,Kathmandu,"27 43 N, 85 19 E",Republic,18.0,NEPAL,11,36,,27990,59,,,,,,Asia
NETHERLANDS,17463930,0.36%,10.98,9.27,1.89,42.8,0.98,3.34,1.77,,24.4%,19.9%,9.6%,netherlands,NETHERLANDS,992.67,907.04,4.86,56600.0,4.01,9.6,396.69,1.1,1.1,56.5,calendar year,839.6,735.7,0.845,13.6,NETHERLANDS,100.0,43409000.0,1879000.0,76100.0,1.0,2.0,,32857999999.0,214.0,NETHERLANDS,"52 31 N, 5 46 E","41,543 sq km","33,893 sq km","7,650 sq km","1,053 km",451 km,,-7 m,10.8%,34.1%,55.1%,29.8%,1.1%,24.2%,"2,969 sq km",NETHERLANDS,Amsterdam; note - The Hague is the seat of government,"52 21 N, 4 55 E",Monarchy,18.0,NETHERLANDS,23,6,1,139124,3055,6237,14000.0,2500.0,3000.0,,Europe
NEW ZEALAND,"5,223,100",0.92%,12.0,7.9,4.4,37.2,0.96,3.6,1.9,99.0%,99.0%,99.0%,9.2%,new zealand,NEW ZEALAND,,,,,,,,,,,,,,,,NEW ZEALAND,,,,,,,,,,NEW ZEALAND,"41 00 S, 174 00 E","268,838 sq km","264,537 sq km","4,301 sq km",0 km,"15,134 km","3,764 m",0 m,31.4%,25.4%,43.2%,1.8%,0.3%,41.1%,"7,000 sq km",,,,,,NEW ZEALAND,,,,,,,,,,,Oceania
NICARAGUA,6359689,0.91%,16.3,5.19,2.04,27.3,0.95,18.63,1.78,82.6%,82.4%,82.8%,11.6%,nicaragua,NICARAGUA,38.63,12.57,10.34,5600.0,5.96,11.6,3.45,2.0,-2.0,33.3,calendar year,6.62,8.31,35.171,24.9,NICARAGUA,86.0,1837000.0,,200.0,14720.0,460.0,20120.0,,4.0,NICARAGUA,"13 00 N, 85 00 W","130,370 sq km","119,990 sq km","10,380 sq km","1,253 km",910 km,"2,085 m",0 m,25.3%,32.5%,42.2%,12.5%,2.5%,27.2%,"1,990 sq km",NICARAGUA,Managua,"12 08 N, 86 15 W",Republic,16.0,NICARAGUA,12,135,,23897,,2220,,54.0,,,North America
NIGER,25396840,3.66%,46.86,9.66,0.62,14.8,0.98,65.53,6.73,37.3%,13.7%,1.1%,1%,niger,NIGER,29.96,12.93,1.39,1200.0,0.75,1.0,2.33,5.0,-5.0,45.3,calendar year,1.34,3.54,554.531,40.8,NIGER,18.0,324000.0,224000.0,8000.0,15280.0,5422.0,3799.0,,2.0,NIGER,"16 00 N, 8 00 E",1.267 million sq km,"1,266,700 sq km",300 sq km,"5,834 km",0 km,"2,022 m",200 m,1%,63.9%,35.1%,12.3%,0.1%,22.7%,"2,666 sq km",NIGER,Niamey,"13 31 N, 2 07 E",Republic,18.0,NIGER,10,20,1,18949,,300,,464.0,,,Africa
NIGERIA,230842743,2.53%,34.0,8.52,0.21,18.6,1.02,55.17,4.57,62%,6.9%,0.5%,19.6%,nigeria,NIGERIA,1050.0,475.06,3.65,4900.0,9.79,19.6,37.3,1.8,-1.8,21.8,calendar year,50.86,66.11,358.811,40.1,NIGERIA,59.0,11691000.0,44000.0,1646900.0,35010.0,2332.0,223400.0,46296835000.0,104.0,NIGERIA,"10 00 N, 8 00 E","923,768 sq km","910,768 sq km","13,000 sq km","4,477 km",853 km,"2,419 m",0 m,9.5%,12.5%,78%,37.3%,7.4%,33.3%,"2,930 sq km",NIGERIA,Abuja,"9 05 N, 7 32 E",Republic,18.0,NIGERIA,40,14,5,195000,3798,8600,4045.0,4441.0,,,Africa
NORTH MACEDONIA,2133410,0.11%,10.33,9.61,0.38,39.0,0.99,7.16,1.52,98.4%,99.1%,97.6%,34.1%,north macedonia,NORTH MACEDONIA,34.01,12.7,3.96,16500.0,16.2,34.1,3.5,2.7,-2.7,39.3,calendar year,9.16,11.35,52.102,21.6,NORTH MACEDONIA,100.0,1928000.0,5026000.0,0.0,,3065.0,23560.0,0.0,7.0,NORTH MACEDONIA,"41 50 N, 22 00 E","25,713 sq km","25,433 sq km",280 sq km,838 km,0 km,"2,764 m",50 m,39.8%,15.9%,44.3%,16.4%,1.4%,26.5%,844 sq km,NORTH MACEDONIA,Skopje,"42 00 N, 21 26 E",Republic,18.0,NORTH MACEDONIA,8,2,,14182,699,,262.0,120.0,,,Europe
NORWAY,5597924,0.79%,11.89,7.93,3.89,39.5,1.02,2.28,1.83,,17%,15.4%,13%,norway,NORWAY,368.15,405.69,3.3,67500.0,4.99,13.0,185.34,4.4,4.4,36.5,calendar year,199.07,140.44,8.59,12.7,NORWAY,100.0,38360000.0,69000.0,,371600.0,432800.0,135300.0,112052523000.0,36.0,NORWAY,"62 00 N, 10 00 E","323,802 sq km","304,282 sq km","19,520 sq km","2,566 km","25,148 km","2,469 m",0 m,27.8%,69.5%,2.7%,2.2%,0%,0.5%,337 sq km,NORWAY,Oslo,"59 55 N, 10 45 E",Monarchy,18.0,NORWAY,67,28,1,94902,3848,1577,8520.0,1304.0,,,Europe
OMAN,3833465,1.8%,21.62,3.21,0.46,26.2,1.16,14.16,2.67,95.7%,15.5%,0.4%,14.6%,oman,OMAN,155.03,76.88,3.09,34300.0,3.12,14.6,29.33,13.8,-13.8,46.9,calendar year,46.32,36.5,0.385,,OMAN,100.0,8601000.0,0.0,978800.0,229600.0,33700.0,6041.0,36596746000.0,76.0,OMAN,"21 00 N, 57 00 E","309,500 sq km","309,500 sq km",0 sq km,"1,561 km","2,092 km","3,004 m",0 m,0%,95.3%,4.7%,0.1%,0.1%,4.5%,"1,079 sq km",OMAN,Muscat,"23 37 N, 58 35 E",Monarchy,21.0,OMAN,13,119,3,60230,,,4224.0,3558.0,,,Asia
PAKISTAN,247653551,1.91%,26.01,5.94,1.01,22.0,1.04,52.73,3.39,58%,33%,7.3%,9.4%,pakistan,PAKISTAN,1211.0,253.18,6.49,5200.0,4.35,9.4,38.97,5.8,-5.8,67.0,1 July - 30 June,35.57,76.39,162.906,24.3,PAKISTAN,94.0,39925000.0,4855000.0,100700.0,291200.0,25510.0,264500.0,38056250000.0,193.0,PAKISTAN,"30 00 N, 70 00 E","796,095 sq km","770,875 sq km","25,220 sq km","7,257 km","1,046 km","8,611 m",0 m,2.1%,62.7%,35.2%,27.6%,1.1%,6.5%,"193,400 sq km",PAKISTAN,Islamabad,"33 41 N, 73 03 E",Republic,18.0,PAKISTAN,108,43,23,264175,11881,,13452.0,3663.0,,,Asia
PALAU,21779,0.39%,11.57,8.31,0.64,33.9,1.06,11.04,1.7,96.6%,27.3%,7.9%,5.6%,palau,PALAU,248.47,292.0,-13.33,13800.0,1.7,5.6,122.0,8.8,8.8,86.13,1 October - 30 September,12.07,180.38,1.0,24.9,PALAU,100.0,,,,,,,,,PALAU,"7 30 N, 134 30 E",459 sq km,459 sq km,0 sq km,0 km,"1,519 km",242 m,0 m,87.6%,1.6%,10.8%,2.2%,4.3%,4.3%,0 sq km,PALAU,Ngerulmud,"7 30 N, 134 37 E",Republic,18.0,PALAU,1,2,,125,,,,,,,Oceania
PANAMA,4404108,1.51%,17.71,5.88,3.22,30.1,1.01,15.28,2.37,95.7%,7.7%,2.2%,30%,panama,PANAMA,126.35,66.8,15.34,29000.0,12.09,30.0,9.74,1.6,-1.6,37.8,calendar year,27.24,24.63,1.0,22.1,PANAMA,95.0,4106000.0,0.0,0.0,,66.0,129200.0,0.0,25.0,PANAMA,"9 00 N, 80 00 W","75,420 sq km","74,340 sq km","1,080 sq km",687 km,"2,490 km","3,475 m",0 m,43.6%,25.9%,30.5%,7.3%,2.5%,20.7%,407 sq km,PANAMA,Panama City,"8 58 N, 79 32 W",Republic,18.0,PANAMA,57,60,3,,77,800,,128.0,,,North America
PAPUA NEW GUINEA,9819350,2.31%,28.54,5.48,0.0,24.0,1.03,32.81,3.85,64.2%,53.5%,25.1%,5.3%,papua new guinea,PAPUA NEW GUINEA,36.59,19.82,0.3,3700.0,2.75,5.3,4.04,4.8,-4.8,48.68,calendar year,11.0,4.25,3.509,37.0,PAPUA NEW GUINEA,20.0,1139000.0,,37200.0,22170.0,0.0,17110.0,11784065000.0,6.0,PAPUA NEW GUINEA,"6 00 S, 147 00 E","462,840 sq km","452,860 sq km","9,980 sq km",824 km,"5,152 km","4,509 m",0 m,63.1%,34.3%,2.6%,0.7%,1.5%,0.4%,0 sq km,PAPUA NEW GUINEA,Port Moresby,"9 27 S, 147 11 E",Democracy,18.0,PAPUA NEW GUINEA,21,540,2,9349,,11000,,264.0,,,Oceania
PARAGUAY,7439863,1.12%,16.15,4.9,0.07,29.7,1.0,22.6,1.88,94.5%,18.6%,4.4%,16.3%,paraguay,PARAGUAY,91.76,38.94,4.1,13700.0,7.21,16.3,7.27,1.1,-1.1,19.5,calendar year,14.15,13.45,6.0,23.5,PARAGUAY,100.0,8831000.0,,2000.0,,,40760.0,,7.0,PARAGUAY,"23 00 S, 58 00 W","406,752 sq km","397,302 sq km","9,450 sq km","4,655 km",0 km,842 m,46 m,43.8%,2.4%,53.8%,10.8%,0.2%,42.8%,"1,362 sq km",PARAGUAY,Asuncion,"25 16 S, 57 40 W",Republic,18.0,PARAGUAY,15,784,,78811,30,3100,,,,,South America
PERU,32440172,0.5%,16.96,11.04,0.89,29.1,0.96,10.8,2.18,94.5%,13.2%,3%,11.2%,peru,PERU,421.94,230.71,13.35,12500.0,4.83,11.2,45.98,3.1,-3.1,34.67,calendar year,66.1,58.61,3.881,20.2,PERU,95.0,15340000.0,696000.0,122500.0,166600.0,62640.0,65400.0,12079211000.0,54.0,PERU,"10 00 S, 76 00 W","1,285,216 sq km","1,279,996 sq km","5,220 sq km","7,062 km","2,414 km","6,746 m",0 m,53%,28.2%,18.8%,3.1%,1.1%,14.6%,"25,800 sq km",PERU,Lima,"12 03 S, 77 03 W",Republic,18.0,PERU,59,132,5,18699,,8808,1526.0,1106.0,,,South America
PHILIPPINES,"109,035,343",1.58%,23.69,6.12,-1.88,25.7,1.01,21.45,2.95,96.3%,96.2%,96.5%,7.3%,philippines,PHILIPPINES,921.83,377.2,5.7,8100.0,2.41,7.3,71.17,2.2,-2.2,39.9,calendar year,87.79,126.51,49.255,16.7,PHILIPPINES,97.0,27885000.0,13752000.0,10300.0,215500.0,26710.0,211400.0,3632507000.0,142.0,PHILIPPINES,"13 00 N, 122 00 E","300,000 sq km","298,170 sq km","1,830 sq km",0 km,"36,289 km","2,954 m",0 m,25.9%,33.1%,41%,18.2%,17.8%,5%,"16,270 sq km",PHILIPPINES,,,,,PHILIPPINES,7,2,5,,,,,,,,Asia
POLAND,37991766,0.28%,8.31,10.75,0.34,41.9,0.94,4.1,1.41,99.8%,27.9%,20.1%,13.4%,poland,POLAND,1318.0,595.72,6.85,34900.0,3.37,13.4,244.49,1.7,-1.7,50.6,calendar year,411.62,380.7,3.862,15.4,POLAND,100.0,47269000.0,108152000.0,28400.0,554200.0,104800.0,222300.0,5667000000.0,304.0,POLAND,"52 00 N, 20 00 E","312,685 sq km","304,255 sq km","8,430 sq km","2,865 km",440 km,"2,499 m",-2 m,30.6%,21.2%,48.2%,36.2%,1.3%,10.7%,760 sq km,POLAND,Warsaw,"52 15 N, 21 00 E",Republic,18.0,POLAND,87,39,6,420000,19461,3997,14198.0,1374.0,,,Europe
PORTUGAL,10223150,0.17%,7.99,10.9,1.2,44.6,0.9,2.47,1.44,95.9%,30.5%,20.2%,23.1%,portugal,PORTUGAL,347.69,237.7,5.48,33700.0,6.65,23.1,102.05,3.0,-3.0,125.7,calendar year,105.65,112.41,0.845,17.2,PORTUGAL,100.0,22364000.0,0.0,8000.0,323000.0,143500.0,78700.0,0.0,50.0,PORTUGAL,"39 30 N, 8 00 W","92,090 sq km","91,470 sq km",620 sq km,"1,224 km","1,793 km","2,351 m",0 m,37.8%,22.5%,39.7%,11.9%,7.8%,20%,"5,662 sq km",PORTUGAL,Lisbon,"38 43 N, 9 08 W",Republic,18.0,PORTUGAL,43,21,,82900,2526,210,1344.0,11.0,,,Europe
QATAR,2532104,0.86%,9.27,1.42,0.78,33.7,3.34,6.46,1.9,93.5%,21.7%,1.9%,1.1%,qatar,QATAR,249.64,191.29,1.59,92900.0,0.26,1.1,65.92,5.8,-5.8,53.8,1 April - 31 March,105.55,61.2,3.64,,QATAR,100.0,10633000.0,,1815100.0,273800.0,485000.0,12300.0,167460996000.0,111.0,QATAR,"25 30 N, 51 15 E","11,586 sq km","11,586 sq km",0 sq km,87 km,563 km,103 m,0 m,0%,94.4%,5.6%,1.1%,0.2%,4.3%,130 sq km,QATAR,Doha,"25 17 N, 51 32 E",Monarchy,18.0,QATAR,4,2,1,7039,,,288.0,,,,Asia
ROMANIA,18326327,1.01%,8.63,14.92,3.86,42.5,0.93,5.65,1.63,98.9%,35.9%,20%,20.6%,romania,ROMANIA,588.45,249.54,5.1,30800.0,5.17,20.6,72.19,2.8,-2.8,57.11,calendar year,115.88,132.06,4.16,23.8,ROMANIA,100.0,20528000.0,15002000.0,74000.0,232600.0,103000.0,49420.0,10367941000.0,68.0,ROMANIA,"46 00 N, 25 00 E","238,391 sq km","229,891 sq km","8,500 sq km","2,844 km",225 km,"2,544 m",0 m,28.7%,10.6%,60.7%,39.1%,1.9%,19.7%,"4,730 sq km",ROMANIA,Bucharest,"44 26 N, 26 06 E",Republic,18.0,ROMANIA,26,19,2,84185,10628,1731,3726.0,2451.0,,,Europe
RUSSIA,141698923,0.24%,9.22,13.27,1.7,40.3,0.86,6.33,1.6,99.7%,40.8%,12.8%,16.9%,russia,RUSSIA,4078.0,1702361000000.0,4.75,28000.0,5.01,16.9,604.13,1.4,-1.4,23.05,calendar year,550.03,379.95,73.654,12.6,RUSSIA,100.0,255000000.0,411200000.0,10850000.0,6171000.0,3070000.0,45000.0,598600000000.0,1985000000.0,RUSSIA,"60 00 N, 100 00 E","17,098,242 sq km","16,377,742 sq km","720,500 sq km","22,407 km","37,653 km","5,642 m",-28 m,49.4%,37.5%,13.1%,7.3%,0.1%,5.7%,"43,000 sq km",RUSSIA,Moscow,"55 45 N, 37 36 E",Other,18.0,RUSSIA,594,624,49,"1,283,387","85,494","102,000",179000.0,80000.0,13658.0,,Europe
RWANDA,13400541,1.68%,25.7,5.77,3.16,19.7,0.96,25.64,3.23,75.9%,20.1%,7.2%,2.9%,rwanda,RWANDA,30.14,9.14,10.88,2200.0,1.61,2.9,2.39,4.3,-4.3,40.5,calendar year,2.11,3.86,988.625,38.2,RWANDA,48.0,265000.0,,0.0,,,6628.0,,1.0,RWANDA,"2 00 S, 30 00 E","26,338 sq km","24,668 sq km","1,670 sq km",930 km,0 km,"4,519 m",950 m,18%,7.5%,74.5%,47%,10.1%,17.4%,96 sq km,RWANDA,Kigali,"1 57 S, 30 03 E",Republic,18.0,RWANDA,4,3,,4700,,90,,,,,Africa
SAINT KITTS AND NEVIS,54817,0.59%,12.1,7.3,1.2,38.1,1.0,8.2,1.76,,,,,saint kitts and nevis,SAINT KITTS AND NEVIS,1.26,964.0,-0.88,26500.0,4.5,,286.0,1.7,1.7,62.9,calendar year,408.47,441.19,2.7,,SAINT KITTS AND NEVIS,100.0,71000.0,,0.0,,,1743.0,,268000.0,SAINT KITTS AND NEVIS,"17 20 N, 62 45 W",261 sq km,261 sq km,0 sq km,0 km,135 km,"1,156 m",0 m,42.3%,34.6%,23.1%,19.2%,0.4%,3.5%,8 sq km,SAINT KITTS AND NEVIS,Basseterre,"17 18 N, 62 43 W",Democracy,18.0,SAINT KITTS AND NEVIS,2,220,,383,50,,,,,,North America
SAINT LUCIA,167591,0.27%,11.7,8.2,0.8,39.0,0.94,11.8,1.72,,41%,36.2%,38.7%,saint lucia,SAINT LUCIA,2.34,1.69,12.23,13000.0,16.91,38.7,350.0,0.3,0.3,70.7,1 April - 31 March,890.72,846.48,2.7,25.0,SAINT LUCIA,100.0,92000.0,,0.0,,,3113.0,,659000.0,SAINT LUCIA,"13 53 N, 60 58 W",616 sq km,606 sq km,10 sq km,0 km,158 km,948 m,0 m,77%,5.6%,17.4%,4.9%,11.5%,1%,30 sq km,SAINT LUCIA,Castries,"14 00 N, 61 00 W",Democracy,18.0,SAINT LUCIA,2,363,,1210,,,,,,,North America
SAINT VINCENT AND THE GRENADINES,100804,0.16%,12.1,7.6,6.1,37.0,1.04,12.6,1.74,,39.7%,43.9%,41.1%,saint vincent and the grenadines,SAINT VINCENT AND THE GRENADINES,1.43,785.0,1.35,13700.0,21.62,41.1,243.0,0.6,-0.6,73.8,calendar year,125.78,415.73,2.7,,SAINT VINCENT AND THE GRENADINES,100.0,49000.0,,0.0,,,1621.0,,202000.0,SAINT VINCENT AND THE GRENADINES,"13 15 N, 61 12 W",389 sq km,389 sq km,0 sq km,0 km,84 km,"1,234 m",0 m,68.7%,5.7%,25.6%,12.8%,7.7%,5.1%,10 sq km,SAINT VINCENT AND THE GRENADINES,Kingstown,"13 08 N, 61 13 W",Democracy,18.0,SAINT VINCENT AND THE GRENADINES,5,1,,,,,,,,,North America
SAMOA,207501,0.65%,19.0,5.4,7.2,26.9,1.03,17.8,2.37,99.1%,36.1%,14.5%,19.7%,samoa,SAMOA,1.21,841.0,-7.08,5500.0,9.84,19.7,313.0,4.7,-4.7,49.1,June 1 - May 31,97.77,430.01,2.556,20.3,SAMOA,98.0,50000.0,,0.0,,,2363.0,,355000.0,SAMOA,"13 35 S, 172 20 W","2,831 sq km","2,821 sq km",10 sq km,0 km,403 km,"1,857 m",0 m,60.4%,27.2%,12.4%,2.8%,7.8%,1.8%,0 sq km,SAMOA,Apia,"13 49 S, 171 46 W",Republic,21.0,SAMOA,1,3,,1150,,,,,,,Oceania
SAN MARINO,34892,0.59%,8.9,8.8,5.9,45.9,0.93,6.4,1.53,99.9%,99.9%,99.9%,27.4%,san marino,SAN MARINO,1.92,1.64,-6.65,56400.0,8.1,27.4,371.0,2.9,-2.9,98.35,calendar year,3.83,2.55,0.845,,SAN MARINO,100.0,,,,,,,,,SAN MARINO,"43 46 N, 12 25 E",61 sq km,61 sq km,0 sq km,37 km,0 km,739 m,55 m,0%,83.3%,16.7%,16.7%,0%,0%,0 sq km,SAN MARINO,San Marino,"43 56 N, 12 25 E",Republic,18.0,SAN MARINO,292,,,292,,,,,,,Europe
SAO TOME AND PRINCIPE,220372,1.45%,27.4,6.1,6.8,20.4,1.0,43.5,3.44,94.8%,10.1%,1.3%,22.9%,sao tome and principe,SAO TOME AND PRINCIPE,904.06,0.0,1.88,4100.0,15.91,22.9,95.0,2.4,-2.4,88.4,calendar year,75.26,201.15,21.507,66.7,SAO TOME AND PRINCIPE,78.0,28000.0,,0.0,,,1027.0,,173000.0,SAO TOME AND PRINCIPE,"1 00 N, 7 00 E",964 sq km,964 sq km,0 sq km,0 km,209 km,"2,024 m",0 m,28.1%,21.2%,50.7%,9.1%,40.6%,1%,100 sq km,SAO TOME AND PRINCIPE,Sao Tome,"0 20 N, 6 44 E",Republic,18.0,SAO TOME AND PRINCIPE,2,1070,,1300,,,,,,,Africa
SAUDI ARABIA,35939806,1.65%,13.9,3.5,6.1,32.0,1.31,12.0,1.89,97.6%,26.5%,2%,28.8%,saudi arabia,SAUDI ARABIA,1594.0,792.85,3.24,44300.0,7.36,28.8,247.09,8.9,-8.9,17.2,calendar year,286.5,213.02,3.75,,SAUDI ARABIA,100.0,76785000.0,0.0,10815700.0,2944000.0,1784000.0,609600.0,113776648000.0,579000000.0,SAUDI ARABIA,"25 00 N, 45 00 E","2,149,690 sq km","2,149,690 sq km",0 sq km,"4,272 km","2,640 km","3,000 m",0 m,0.5%,18.8%,80.7%,1.5%,0.1%,79.1%,"11,910 sq km",SAUDI ARABIA,Riyadh,"24 39 N, 46 42 E",Monarchy,18.0,SAUDI ARABIA,82,132,10,221372,5410,,2940.0,5117.0,,,Asia
SENEGAL,18384660,2.52%,30.8,5.0,0.7,19.0,0.97,31.8,4.17,56.3%,7%,9.2%,8.2%,senegal,SENEGAL,35.73,13.55,3.9,2600.0,6.34,8.2,1.95,0.5,-0.5,37.9,calendar year,10.27,5.35,9.0,43.7,SENEGAL,46.0,992000.0,,0.0,,,18460.0,,2.0,SENEGAL,"14 00 N, 14 00 W","196,722 sq km","192,530 sq km","4,192 sq km","2,684 km",531 km,648 m,0 m,43.8%,9.4%,46.8%,17.4%,0.3%,29.1%,"1,200 sq km",SENEGAL,Dakar,"14 44 N, 17 38 W",Republic,18.0,SENEGAL,4,12,,44301,1086,1300,,,,,Africa
SERBIA,6693375,0.63%,8.9,15.1,0.0,43.7,0.95,4.6,1.46,99.5%,40.5%,39.1%,30.4%,serbia,SERBIA,135.53,51.45,7.55,19800.0,11.81,30.4,21.86,0.2,0.2,62.5,,33.73,39.04,99.396,23.2,SERBIA,100.0,8986000.0,39673000.0,15200.0,74350.0,15750.0,18720.0,455787000.0,47.0,SERBIA,"44 00 N, 21 00 E","77,474 sq km","77,474 sq km",0 sq km,"2,322 km",0 km,"2,169 m",35 m,31.6%,10.5%,57.9%,37.7%,3.4%,16.8%,520 sq km,SERBIA,Belgrade,"44 50 N, 20 30 E",Republic,18.0,SERBIA,10,16,2,44248,3333,587,1936.0,413.0,,,Europe
SEYCHELLES,97617,0.6%,12.1,6.9,0.8,38.2,1.08,10.4,1.81,95.9%,17.5%,15.6%,16.5%,seychelles,SEYCHELLES,2.85,1.75,7.86,28800.0,3.0,16.5,601.0,0.5,-0.5,63.6,calendar year,1.75,1.82,16.921,25.3,SEYCHELLES,100.0,157000.0,,0.0,,,7225.0,,1.0,SEYCHELLES,"4 35 S, 55 40 E",455 sq km,455 sq km,0 sq km,0 km,491 km,905 m,0 m,88.5%,5%,6.5%,2.2%,4.3%,0%,3 sq km,SEYCHELLES,Victoria,"4 37 S, 55 27 E",Republic,18.0,SEYCHELLES,7,7,1,526,,,,,,,Africa
SIERRA LEONE,8908040,2.41%,31.5,9.1,1.7,19.2,0.98,72.3,3.71,47.7%,20.5%,6.4%,10.8%,sierra leone,SIERRA LEONE,13.6,4.13,4.1,1600.0,5.33,10.8,740.0,7.9,-7.9,63.9,calendar year,700.97,1.42,10.0,56.8,SIERRA LEONE,27.0,180000.0,,0.0,,,6439.0,,899000.0,SIERRA LEONE,"8 30 N, 11 30 W","71,740 sq km","71,620 sq km",120 sq km,"1,093 km",402 km,"1,948 m",0 m,37.5%,6.3%,56.2%,23.4%,2.3%,30.5%,300 sq km,SIERRA LEONE,Freetown,"8 29 N, 13 14 W",Republic,18.0,SIERRA LEONE,1,7,2,11701,,800,,,,,Africa
SINGAPORE,5975383,0.9%,8.9,4.2,4.2,38.9,1.0,1.5,1.17,97.5%,28%,5%,9.1%,singapore,SINGAPORE,578.25,372.09,7.61,106000.0,3.62,9.1,59.97,0.3,-0.3,153.41,1 April - 31 March,733.78,609.28,1.343,,SINGAPORE,100.0,12240000.0,0.0,0.0,755000.0,1.0,,0.0,238.0,SINGAPORE,"1 22 N, 103 48 E",719 sq km,709.2 sq km,10 sq km,0 km,193 km,166 m,0 m,3.3%,95.7%,1%,0.9%,0.1%,0%,0 sq km,SINGAPORE,Singapore,"1 17 N, 103 51 E",Republic,21.0,SINGAPORE,9,,,3500,,,,,,,Asia
SLOVAKIA,5425319,0.13%,10.3,11.5,0.0,42.5,0.93,5.3,1.6,,37.4%,25.6%,21.5%,slovakia,SLOVAKIA,173.58,105.39,3.01,31900.0,6.74,21.5,43.49,1.0,-1.0,77.36,calendar year,107.43,107.36,0.845,11.9,SLOVAKIA,100.0,7868000.0,2148000.0,3800.0,131300.0,81100.0,38340.0,62495000.0,32.0,SLOVAKIA,"48 40 N, 19 30 E","49,035 sq km","48,105 sq km",930 sq km,"1,587 km",0 km,"2,655 m",94 m,40.2%,19.7%,40.1%,28.9%,0.4%,10.8%,211 sq km,SLOVAKIA,Bratislava,"48 09 N, 17 07 E",Republic,18.0,SLOVAKIA,19,15,1,56926,3627,172,35571.0,510.0,,,Europe
SLOVENIA,2099790,0.08%,8.1,10.5,1.5,45.9,1.0,1.5,1.6,99.7%,24.4%,19.6%,13.9%,slovenia,SLOVENIA,84.4,54.16,8.21,40000.0,4.42,13.9,23.73,0.0,0.0,73.6,calendar year,51.63,47.66,0.845,12.0,SLOVENIA,100.0,4062000.0,3175000.0,0.0,,29350.0,93060.0,4899000.0,13.0,SLOVENIA,"46 07 N, 14 49 E","20,273 sq km","20,151 sq km",122 sq km,"1,211 km",46.6 km,"2,864 m",0 m,62.3%,14.9%,22.8%,8.4%,1.3%,13.1%,39 sq km,SLOVENIA,Ljubljana,"46 03 N, 14 31 E",Republic,18.0,SLOVENIA,9,7,,38985,1207,710,1155.0,,,,Europe
SOLOMON ISLANDS,714766,1.69%,22.3,4.0,1.5,24.8,1.04,19.5,2.82,,53.8%,19.2%,1.9%,solomon islands,SOLOMON ISLANDS,1.7,1.3,-0.2,2400.0,1.03,1.9,514.0,2.9,-2.9,11.46,calendar year,413.66,619.46,8.03,12.7,SOLOMON ISLANDS,76.0,40000.0,,0.0,,,1577.0,,333000.0,SOLOMON ISLANDS,"8 00 S, 159 00 E","28,896 sq km","27,986 sq km",910 sq km,0 km,"5,313 km","2,335 m",0 m,78.9%,17.2%,3.9%,0.7%,2.9%,0.3%,0 sq km,SOLOMON ISLANDS,Honiara,"9 26 S, 159 57 E",Democracy,21.0,SOLOMON ISLANDS,1,35,3,1390,,,,,,,Oceania
SOMALIA,12693796,2.49%,37.7,11.4,1.4,19.0,1.01,85.1,5.22,,32.5%,38.5%,34.7%,somalia,SOMALIA,19.4,7.05,4.05,1100.0,19.86,34.7,145.3,0.1,-0.1,76.7,,819.0,94.43,23.0,,SOMALIA,49.0,91000.0,,0.0,,,5590.0,,882000.0,SOMALIA,"10 00 N, 49 00 E","637,657 sq km","627,337 sq km","10,320 sq km","2,385 km","3,025 km","2,460 m",0 m,10.6%,19.1%,70.3%,1.8%,0%,68.5%,"2,000 sq km",SOMALIA,Mogadishu,"2 04 N, 45 20 E",Republic,18.0,SOMALIA,8,44,,15000,,,,,,,Africa
SOUTH AFRICA,58048332,1.08%,18.3,7.2,0.3,30.1,0.96,24.4,2.31,95%,34%,6.5%,64.2%,south africa,SOUTH AFRICA,790.62,350.03,4.91,13300.0,33.56,64.2,84.19,4.4,-4.4,53.0,1 April - 31 March,130.88,104.81,14.779,55.5,SOUTH AFRICA,89.0,62728000.0,248388000.0,97900.0,487100.0,105600.0,195200.0,1229544000.0,470.0,SOUTH AFRICA,"29 00 S, 24 00 E","1,219,090 sq km","1,214,470 sq km","4,620 sq km","5,244 km","2,798 km","3,450 m",0 m,7.6%,13%,79.4%,9.9%,0.3%,69.2%,"16,700 sq km",SOUTH AFRICA,Pretoria,"25 42 S, 28 13 E",Republic,18.0,SOUTH AFRICA,130,277,,750000,20986,,1293.0,992.0,,,Africa
SOUTH SUDAN,12118379,4.78%,37.1,9.2,20.0,18.7,1.05,61.6,5.2,34.5%,40.3%,28.9%,21%,south sudan,SOUTH SUDAN,20.01,3.06,-5.2,1600.0,13.91,21.0,1.94,1.3,-1.3,62.7,,4.65,4.04,306.355,76.4,SOUTH SUDAN,7.0,121000.0,,157100.0,,,7160.0,,1.0,SOUTH SUDAN,"8 00 N, 30 00 E","644,329 sq km",,,"6,018 km",0 km,"3,187 m",381 m,11.3%,43.5%,45%,4.4%,,40.7%,"1,000 sq km",SOUTH SUDAN,Juba,"04 51 N, 31 37 E",Republic,18.0,SOUTH SUDAN,4,84,3,90200,248,,,,,,Africa
SPAIN,"47,222,613",0.12%,7.1,10.1,4.2,46.3,0.95,2.4,1.29,98.6%,99.0%,98.2%,33.9%,spain,SPAIN,167.4,167.4,7.4,34000.0,5.6,,66.67,,,,1 April - 31 March,11.9,15.3,2.7,,SPAIN,100.0,5000.0,,0.0,,,406.0,,33000.0,SPAIN,"40 00 N, 4 00 W","505,370 sq km","498,980 sq km","6,390 sq km","1,952.7 km","4,964 km","3,718 m",0 m,36.8%,25.1%,54.1%,24.9%,9.1%,20.1%,"38,000 sq km",,,,,,SPAIN,102,33,13,"683,175","15,489","1,000",10481.0,358.0,4378.0,,Europe
SRI LANKA,23326272,0.56%,14.6,7.4,1.5,33.9,0.94,6.8,2.14,92.3%,41.4%,2.6%,26.1%,sri lanka,SRI LANKA,296.6,84.02,3.33,13400.0,5.39,26.1,10.62,5.5,-5.5,79.1,calendar year,13.08,18.27,198.764,4.1,SRI LANKA,100.0,4527000.0,0.0,0.0,34210.0,3871.0,66280.0,,23.0,SRI LANKA,"7 00 N, 81 00 E","65,610 sq km","64,630 sq km",980 sq km,0 km,"1,340 km","2,524 m",0 m,29.4%,27.1%,43.5%,20.7%,15.8%,7%,"5,700 sq km",SRI LANKA,Colombo,"6 55 N, 79 50 E",Republic,18.0,SRI LANKA,11,7,1,114093,1562,160,,,,,Asia
SUDAN,49197555,2.55%,33.3,6.2,1.6,19.1,1.01,41.4,4.54,60.7%,65.4%,56.1%,35.6%,sudan,SUDAN,168.98,24.92,-1.87,3700.0,19.81,35.6,3.48,10.6,-10.6,121.6,calendar year,5.92,9.79,53.996,46.5,SUDAN,61.0,4354000.0,,66900.0,94830.0,8541.0,24340.0,,17.0,SUDAN,"15 00 N, 30 00 E","1,861,484 sq km","1,731,671 sq km","129,813 sq km","6,819 km",853 km,"3,042 m",0 m,0%,0%,100%,15.7%,0.2%,84.2%,"15,666 sq km",SUDAN,Khartoum,"15 36 N, 32 32 E",Republic,17.0,SUDAN,17,50,7,31000,7251,4068,156.0,4070.0,,,Africa
SURINAME,639759,1.11%,15.2,6.6,2.5,31.6,0.98,29.9,1.91,95%,96.5%,93.4%,30.5%,suriname,SURINAME,9.05,3.42,-2.73,14800.0,10.06,30.5,863.0,7.8,-7.8,69.3,calendar year,2.3,1.88,18.239,70.0,SURINAME,98.0,542000.0,,14800.0,7571.0,14000.0,10700.0,,2.0,SURINAME,"4 00 N, 56 00 W","163,820 sq km","156,000 sq km","7,820 sq km","1,907 km",386 km,"1,230 m",-2 m,94.6%,4.9%,0.5%,0.4%,0%,0.1%,600 sq km,SURINAME,Paramaribo,"5 50 N, 55 10 W",Republic,18.0,SURINAME,6,49,,4304,,1200,,50.0,,,South America
SWEDEN,10536338,0.51%,10.8,9.5,3.8,41.0,1.01,2.3,1.67,,29.8%,18.2%,24.5%,sweden,SWEDEN,574.88,531.35,2.6,54800.0,8.66,24.5,259.17,1.3,1.3,44.0,calendar year,290.79,263.27,8.577,17.1,SWEDEN,100.0,43499000.0,1070000.0,10600.0,413200.0,371100.0,229600.0,0.0,48.0,SWEDEN,"62 00 N, 15 00 E","450,295 sq km","410,335 sq km","39,960 sq km","2,211 km","3,218 km","2,100 m",-2.4 m,68.7%,23.8%,7.5%,6.4%,0%,1.1%,519 sq km,SWEDEN,Stockholm,"59 20 N, 18 03 E",Monarchy,18.0,SWEDEN,149,82,2,573134,10910,2052,1626.0,,,,Europe
SWITZERLAND,8563760,0.78%,10.2,8.4,6.0,44.0,0.99,3.0,1.59,,28.1%,22.9%,9.1%,switzerland,SWITZERLAND,,,,,,9.1,,,,,,,,,,SWITZERLAND,,,,,,,,,,SWITZERLAND,"47 00 N, 8 00 E","41,277 sq km","39,997 sq km","1,280 sq km","1,770 km",0 km,"4,634 m",195 m,31.5%,29.8%,38.7%,10.2%,0.6%,27.9%,327 sq km,SWITZERLAND,Bern,"46 55 N, 7 28 E",Republic,18.0,SWITZERLAND,,,,,,,,,,,Europe
SYRIA,22933531,6.39%,22.2,4.1,45.8,23.9,1.01,15.5,2.74,86.4%,91.7%,81%,26.2%,syria,SYRIA,50.28,24.6,-3.87,2900.0,10.57,26.2,1.16,8.7,-8.7,94.8,calendar year,1.85,6.28,514.6,82.5,SYRIA,88.0,10082000.0,0.0,80800.0,111600.0,12520.0,38080.0,3531077000.0,26.0,SYRIA,"35 00 N, 38 00 E","187,437 sq km","185,887 sq km","1,550 sq km","2,363 km",193 km,"2,814 m",-66 m,2.7%,21.5%,75.8%,25.4%,5.8%,44.6%,"13,100 sq km",SYRIA,Damascus,"33 30 N, 36 18 E",Republic,18.0,SYRIA,29,61,6,69873,2052,900,3170.0,2029.0,,,Asia
TAJIKISTAN,9245937,1.94%,26.4,4.9,2.0,22.7,1.01,23.1,3.6,99.8%,99.8%,99.7%,17.4%,tajikistan,TAJIKISTAN,38.06,2.52,9.2,3900.0,7.75,17.4,2.22,1.5,-1.5,50.4,calendar year,2.16,4.26,11.309,26.3,TAJIKISTAN,99.0,7114000.0,2103000.0,300.0,172.0,0.0,22460.0,18208000.0,7.0,TAJIKISTAN,"39 00 N, 71 00 E","144,100 sq km","141,510 sq km","2,590 sq km","4,130 km",0 km,"7,495 m",300 m,2.9%,62.4%,34.7%,6.1%,0.9%,27.7%,"5,690 sq km",TAJIKISTAN,Dushanbe,"38 33 N, 68 46 E",Republic,18.0,TAJIKISTAN,17,7,,30000,680,200,549.0,38.0,,,Asia
TANZANIA,65642682,2.75%,32.9,5.0,0.4,18.9,1.0,30.3,4.33,81.8%,14%,3.4%,4.6%,tanzania,TANZANIA,159.33,60.63,4.28,2600.0,2.65,4.6,8.97,1.8,-1.8,37.0,1 July - 30 June,8.55,9.18,2.0,26.4,TANZANIA,42.0,1623000.0,712000.0,0.0,,,67830.0,1378773000.0,11.0,TANZANIA,"6 00 S, 35 00 E","947,300 sq km","885,800 sq km","61,500 sq km","4,161 km","1,424 km","5,895 m",0 m,37.3%,19%,43.7%,14.3%,2.3%,27.1%,"1,840 sq km",TANZANIA,"Dodoma; note - Dodoma was designated the national capital in 1996; Dar es Salaam, the original national capital, is the country’s","6 48 S, 39 17 E",Republic,18.0,TANZANIA,10,156,,145203,4097,1594,311.0,891.0,,,Africa
THAILAND,69794997,0.2%,10.0,7.9,0.2,41.0,0.95,6.4,1.54,94.1%,41.3%,2.9%,7%,thailand,THAILAND,1223.0,543.8,1.53,17100.0,1.42,7.0,104.69,3.5,-3.5,50.4,1 October - 30 September,296.0,295.78,31.977,9.9,THAILAND,100.0,53130000.0,13251000.0,438200.0,1.0,278300.0,134200.0,38420517000.0,305.0,THAILAND,"15 00 N, 100 00 E","513,120 sq km","510,890 sq km","2,230 sq km","5,673 km","3,219 km","2,565 m",0 m,37.2%,21.6%,41.2%,30.8%,8.8%,1.6%,"64,150 sq km",THAILAND,Bangkok,"13 45 N, 100 31 E",Monarchy,18.0,THAILAND,63,38,7,180053,4127,4000,5900.0,1097.0,,,Asia
TIMOR-LESTE,1476042,2.1%,30.4,5.6,3.8,20.3,0.99,32.9,4.09,68.1%,67.6%,10.8%,13.8%,timorleste,TIMOR-LESTE,6.65,2.77,5.29,5000.0,5.07,13.8,879.0,75.7,-75.7,3.8,calendar year,2.31,1.52,1.0,41.8,TIMOR-LESTE,100.0,284000.0,,14000.0,,,3481.0,5104670000.0,538000.0,TIMOR-LESTE,"8 50 S, 125 55 E","14,874 sq km","14,874 sq km",0 sq km,253 km,706 km,"2,963 m",0 m,49.1%,25.8%,25.1%,10.1%,4.9%,10.1%,350 sq km,TIMOR-LESTE,Dili,"8 35 S, 125 36 E",Republic,17.0,TIMOR-LESTE,2,4,8,6040,,,,,,,Asia
TOGO,8703961,2.45%,31.4,5.2,1.8,20.5,0.97,39.8,4.18,66.5%,12.3%,1.2%,9.7%,togo,TOGO,18.37,5.23,5.26,2100.0,4.0,9.7,1.27,3.8,-3.8,75.7,calendar year,1.72,2.39,554.531,55.1,TOGO,55.0,210000.0,0.0,0.0,,,13100.0,0.0,2.0,TOGO,"8 00 N, 1 10 E","56,785 sq km","54,385 sq km","2,400 sq km","1,880 km",56 km,986 m,0 m,4.9%,27.7%,67.4%,45.2%,3.8%,18.4%,70 sq km,TOGO,Lome,"6 07 N, 1 13 E",Republic,18.0,TOGO,2,6,,9951,568,50,62.0,,,,Africa
TONGA,105221,0.3%,20.0,5.0,18.1,25.4,1.01,12.1,2.7,99.4%,46.7%,15.3%,11.1%,tonga,TONGA,651.25,455.0,-2.67,6100.0,3.97,11.1,212.0,0.0,0.0,49.41,1 July - 30 June,58.74,285.68,2.265,22.5,TONGA,100.0,26000.0,,0.0,0.0,0.0,910.0,,171000.0,TONGA,"20 00 S, 175 00 W",747 sq km,717 sq km,30 sq km,0 km,419 km,"1,046 m",0 m,12.5%,44.4%,43.1%,22.2%,15.3%,5.6%,0 sq km,TONGA,Nuku’alofa,"21 08 S, 175 12 W",Monarchy,21.0,TONGA,1,5,,680,,,,,,,Oceania
TRINIDAD AND TOBAGO,1407460,0.12%,10.6,8.5,1.0,38.0,1.01,15.4,1.63,99%,99.2%,98.7%,12.7%,trinidad and tobago,TRINIDAD AND TOBAGO,35.15,24.03,-1.03,23000.0,4.8,12.7,4.94,8.2,-8.2,41.8,1 October - 30 September,11.47,8.59,6.759,20.0,TRINIDAD AND TOBAGO,100.0,2123000.0,0.0,81000.0,134700.0,106100.0,0.0,30886691000.0,39.0,TRINIDAD AND TOBAGO,"11 00 N, 61 00 W","5,128 sq km","5,128 sq km",0 sq km,0 km,362 km,940 m,0 m,44%,45.4%,10.6%,4.9%,4.3%,1.4%,70 sq km,TRINIDAD AND TOBAGO,Port of Spain,"10 39 N, 61 31 W",Republic,18.0,TRINIDAD AND TOBAGO,2,2,,,,,257.0,,,,North America
TUNISIA,11976182,0.63%,14.1,6.4,1.3,34.0,0.98,11.6,1.96,82.7%,47.2%,2%,38.3%,tunisia,TUNISIA,127.51,38.88,4.32,10400.0,16.82,38.3,10.87,5.8,-5.8,70.3,calendar year,19.74,24.27,2.794,15.2,TUNISIA,99.0,5777000.0,0.0,42500.0,27770.0,13660.0,85340.0,1025974000.0,23.0,TUNISIA,"34 00 N, 9 00 E","163,610 sq km","155,360 sq km","8,250 sq km","1,495 km","1,148 km","1,544 m",-17 m,6.6%,28.6%,64.8%,18.3%,15.4%,31.1%,"3,920 sq km",TUNISIA,Tunis,"36 48 N, 10 11 E",Republic,18.0,TUNISIA,15,14,,,2173,,3111.0,1381.0,,,Africa
TURKEY (TURKIYE),83593483,0.64%,14.0,6.1,1.5,33.6,1.01,18.9,1.91,96.7%,21.4%,29.9%,24.3%,turkey turkiye,TURKEY (TURKIYE),2668.0,760.03,11.35,31500.0,13.39,24.3,210.54,1.5,-1.5,41.97,calendar year,282.85,285.58,8.85,14.4,TURKEY (TURKIYE),100.0,96846000.0,78871000.0,70300.0,657900.0,141600.0,560000.0,469464000.0,391.0,TURKEY (TURKIYE),"39 00 N, 35 00 E","783,562 sq km","769,632 sq km","13,930 sq km","2,816 km","7,200 km","5,137 m",0 m,14.9%,35.4%,49.7%,26.7%,4%,19%,"52,150 sq km",TURKEY (TURKIYE),Ankara,"39 56 N, 32 52 E",Republic,18.0,TURKEY (TURKIYE),91,7,20,67333,11497,1200,14666.0,3293.0,,,Asia
TURKMENISTAN,5690818,0.95%,17.2,6.0,1.7,30.7,0.98,36.7,2.03,99.7%,10.6%,0.4%,11%,turkmenistan,TURKMENISTAN,92.33,40.82,6.3,15000.0,5.08,11.0,5.95,2.8,-2.8,28.8,calendar year,7.46,4.57,4.125,0.2,TURKMENISTAN,100.0,5205000.0,,235300.0,191100.0,53780.0,0.0,83623000000.0,109.0,TURKMENISTAN,"40 00 N, 60 00 E","488,100 sq km","469,930 sq km","18,170 sq km","4,158 km",0 km,"3,139 m",,8.8%,19.2%,72%,4.1%,0.1%,67.8%,"19,950 sq km",TURKMENISTAN,Ashgabat,"37 57 N, 58 23 E",Republic,18.0,TURKMENISTAN,21,5,1,58592,5113,1300,7500.0,1501.0,,,Asia
TUVALU,11639,0.81%,22.3,7.9,6.4,27.5,0.98,28.3,2.81,,49.8%,21.3%,20.6%,tuvalu,TUVALU,55.17,40.0,2.99,4900.0,,20.6,87.0,25.6,25.6,37.0,calendar year,2.7,51.19,1.311,26.3,TUVALU,99.0,,,,,,,,,TUVALU,"8 00 S, 178 00 E",26 sq km,26 sq km,0 sq km,0 km,24 km,5 m,0 m,33.3%,6.7%,60%,0%,60%,0%,0 sq km,TUVALU,Funafuti; note - the capital is an atoll of some 29 islets; administrative offices are in Vaiaku Village on Fongafale Islet,"8 31 S, 179 13 E",Democracy,18.0,TUVALU,1,1,,8,,,,,,,Oceania
UGANDA,47729952,3.22%,40.3,4.9,3.2,16.1,0.95,29.4,5.26,79%,13%,3.7%,4.3%,uganda,UGANDA,103.01,34.68,3.54,2200.0,2.94,4.3,5.09,4.1,-4.1,44.19,1 July - 30 June,6.18,10.71,3.0,21.4,UGANDA,45.0,2397000.0,,0.0,,,31490.0,,5.0,UGANDA,"1 00 N, 32 00 E","241,038 sq km","197,100 sq km","43,938 sq km","2,729 km",0 km,"5,110 m",614 m,14.5%,14.3%,71.2%,34.3%,11.3%,25.6%,105 sq km,UGANDA,Kampala,"0 19 N, 32 33 E",Republic,18.0,UGANDA,5,42,,20544,1244,907,,,,,Africa
UKRAINE,43306477,2.33%,5.8,19.8,37.3,45.3,1.0,9.0,1.22,100%,40%,11.5%,16.5%,ukraine,UKRAINE,379.89,155.08,3.4,10700.0,8.88,16.5,29.0,5.5,-5.5,58.72,calendar year,81.5,84.17,27.286,1.1,UKRAINE,100.0,56816000.0,23908000.0,57700.0,63670.0,1828.0,167000.0,19511040000.0,185.0,UKRAINE,"49 00 N, 32 00 E","603,550 sq km","579,330 sq km","24,220 sq km","5,581 km","2,782 km","2,061 m",0 m,16.8%,12%,71.2%,56.1%,1.5%,13.6%,"4,350 sq km",UKRAINE,Kyiv,"50 26 N, 30 31 E",Republic,18.0,UKRAINE,108,79,9,169694,21733,1672,36720.0,4514.0,,,Europe
UNITED ARAB EMIRATES,9973449,0.58%,10.8,1.6,3.4,35.7,2.16,5.1,1.62,98.1%,98.8%,97.2%,10.7%,united arab emirates,UNITED ARAB EMIRATES,653.07,421.08,3.92,69700.0,3.36,10.7,129.74,0.2,-0.2,19.7,calendar year,335.24,246.89,3.673,19.5,UNITED ARAB EMIRATES,100.0,35173000.0,0.0,3769100.0,943500.0,817700.0,392000.0,62889064000.0,276.0,UNITED ARAB EMIRATES,"24 00 N, 54 00 E","83,600 sq km","83,600 sq km",0 sq km,"1,066 km","1,318 km","1,905 m",0 m,3.8%,91.6%,4.6%,0.5%,0.5%,3.6%,898 sq km,UNITED ARAB EMIRATES,Abu Dhabi,"24 28 N, 54 22 E",Other,,UNITED ARAB EMIRATES,25,18,5,4080,,,3277.0,3287.0,,,Asia
UNITED KINGDOM,68138484,0.49%,10.8,9.1,3.2,40.6,,3.8,1.63,,17.3%,13.5%,13.2%,united kingdom,UNITED KINGDOM,3136.0,2828.0,4.1,46200.0,4.5,11.2,1116.0,,9.9,95.1,6 April - 5 April,468.2,580.7,0.73,,UNITED KINGDOM,100.0,113153000.0,2892000.0,890400.0,1.0,613800.0,907500.0,32479999999.0,398.0,UNITED KINGDOM,"54 00 N, 2 00 W","243,610 sq km","241,930 sq km","1,680 sq km",499 km,"12,429 km","1,345 m",-4 m,11.9%,17.1%,71%,25.1%,0.2%,45.7%,718 sq km,UNITED KINGDOM,London,"51 30 N, 0 05 W",Monarchy,18.0,UNITED KINGDOM,271,189,9,394428,16390,3200,502.0,,,,Europe
UNITED STATES,339665118,0.68%,12.2,8.4,3.0,38.5,0.97,5.1,1.84,,28.4%,17.5%,9.6%,united states,UNITED STATES,21132.0,23320.0,5.95,63700.0,3.9,8.6,6011.0,,15.7,127.1,1 October - 30 September,1645.0,2407.0,1.0,15.1,UNITED STATES,100.0,1147000000.0,485000000.0,18600000.0,20300000.0,5920000.0,2190000.0,967100000000.0,5006000000.0,UNITED STATES,"38 00 N, 97 00 W","9,833,517 sq km","9,147,593 sq km","685,924 sq km","12,002 km","19,924 km","6,190 m",-86 m,33.3%,22.2%,44.5%,16.8%,0.3%,27.4%,"234,782 sq km",UNITED STATES,"Washington, DC","38 53 N, 77 02 W",Republic,18.0,UNITED STATES,"5,080","8,977","5,664","6,586,610","293,564","41,009",1984321.0,175000.0,240711.0,,North America
URUGUAY,3416264,0.27%,12.7,9.1,0.9,36.2,0.94,8.1,1.75,98.8%,24.4%,18.5%,32.9%,uruguay,URUGUAY,78.12,56.11,4.37,22800.0,10.45,32.9,14.99,3.5,-3.5,60.4,calendar year,18.82,15.05,43.555,8.8,URUGUAY,100.0,5348000.0,,400.0,42220.0,0.0,9591.0,0.0,6.0,URUGUAY,"33 00 S, 56 00 W","176,215 sq km","175,015 sq km","1,200 sq km","1,591 km",660 km,514 m,0 m,10.2%,2.6%,87.2%,10.1%,0.2%,76.9%,"2,380 sq km",URUGUAY,Montevideo,"34 51 S, 56 10 W",Republic,18.0,URUGUAY,11,122,,77732,1673,1600,257.0,160.0,,,South America
UZBEKISTAN,31360836,1.61%,22.2,5.2,0.9,28.7,1.01,18.9,2.92,100%,34%,1.1%,16%,uzbekistan,UZBEKISTAN,270.06,57.79,7.42,7700.0,7.16,16.0,16.2,0.3,0.3,24.3,calendar year,16.4,27.77,10.0,14.1,UZBEKISTAN,99.0,16042000.0,3980000.0,5200.0,61740.0,3977.0,0.0,46968227000.0,102.0,UZBEKISTAN,"41 00 N, 64 00 E","447,400 sq km","425,400 sq km","22,000 sq km","6,893 km",0 km,"4,643 m",-12 m,7.7%,29.7%,62.6%,10.1%,0.8%,51.7%,"37,320 sq km",UZBEKISTAN,Tashkent,"41 19 N, 69 15 E",Republic,18.0,UZBEKISTAN,33,20,,86496,4642,1100,13700.0,944.0,,,Asia
VANUATU,313046,1.59%,21.2,4.0,1.3,24.2,0.99,14.0,2.59,89.1%,33%,2.6%,5.4%,vanuatu,VANUATU,888.16,870.0,0.45,2800.0,2.18,5.4,398.0,0.9,-0.9,48.4,calendar year,88.81,495.86,109.453,,VANUATU,70.0,35000.0,,0.0,,,1073.0,,225000.0,VANUATU,"16 00 S, 167 00 E","12,189 sq km","12,189 sq km",0 sq km,0 km,"2,528 km","1,877 m",0 m,36.1%,48.6%,15.3%,1.6%,10.3%,3.4%,0 sq km,VANUATU,Port-Vila,"17 44 S, 168 19 E",Republic,18.0,VANUATU,3,28,,1070,,,,,,,Oceania
VENEZUELA,30518260,2.4%,17.0,6.6,13.6,30.8,0.99,14.1,2.2,97.5%,97.4%,97.7%,14.9%,venezuela,VENEZUELA,269.07,210.1,-19.67,7704.0,6.41,14.9,30.0,46.1,-46.1,38.9,calendar year,83.4,18.43,9.975,33.1,VENEZUELA,99.0,32956000.0,396000.0,604800.0,926300.0,325800.0,20640.0,22694584000.0,103.0,VENEZUELA,"8 00 N, 66 00 W","912,050 sq km","882,050 sq km","30,000 sq km","5,267 km","2,800 km","4,978 m",0 m,52.1%,23.4%,24.5%,3.1%,0.8%,20.6%,"10,550 sq km",VENEZUELA,Caracas,"10 29 N, 66 52 W",Republic,18.0,VENEZUELA,127,317,3,96189,447,7100,5941.0,7588.0,,,South America
VIETNAM,104799174,0.93%,15.3,5.8,0.2,32.7,1.01,14.4,2.04,95.8%,47.4%,2.2%,7.2%,vietnam,VIETNAM,1036.0,259.96,2.56,10600.0,2.17,7.2,64.89,6.7,-6.7,58.5,calendar year,339.98,338.02,23.0,6.7,VIETNAM,100.0,65283000.0,47789000.0,197700.0,153800.0,25620.0,282800.0,8438095000.0,249.0,VIETNAM,"16 10 N, 107 50 E","331,210 sq km","310,070 sq km","21,140 sq km","4,616 km","3,444 km","3,144 m",0 m,45%,20.2%,34.8%,20.6%,12.1%,2.1%,"46,000 sq km",VIETNAM,Hanoi,"21 02 N, 105 51 E",Communist,18.0,VIETNAM,38,7,1,195468,2600,47130,72.0,,,,Asia
YEMEN,31565602,1.83%,24.1,5.5,0.2,21.6,1.02,45.5,2.91,70.1%,32.5%,8.1%,25.5%,yemen,YEMEN,73.63,54.36,-5.9,2500.0,13.57,25.5,2.21,5.2,-5.2,74.5,calendar year,384.5,4.08,1.0,48.6,YEMEN,74.0,1772000.0,0.0,70100.0,20180.0,12670.0,75940.0,89906000.0,10.0,YEMEN,"15 00 N, 48 00 E","527,968 sq km","527,968 sq km",0 sq km,"1,601 km","1,906 km","3,666 m",0 m,1%,54.5%,44.5%,2.2%,0.6%,41.7%,"6,800 sq km",YEMEN,Sanaa,"15 21 N, 44 12 E",Other,18.0,YEMEN,17,40,,71300,,,641.0,1370.0,,,Asia
ZAMBIA,20216029,2.86%,34.5,6.0,0.2,18.2,1.0,36.3,4.49,86.7%,25.1%,3.7%,26.1%,zambia,ZAMBIA,63.03,25.71,4.6,3200.0,13.03,26.1,4.76,7.3,-7.3,103.7,calendar year,11.72,7.7,20.018,54.4,ZAMBIA,46.0,3065000.0,1116000.0,0.0,13120.0,371.0,10150.0,,6.0,ZAMBIA,"15 00 S, 30 00 E","752,618 sq km","743,398 sq km","9,220 sq km","6,043.15 km",0 km,"2,330 m",329 m,66.3%,2%,31.7%,4.8%,0%,26.9%,"1,560 sq km",ZAMBIA,Lusaka,"15 25 S, 28 17 E",Republic,18.0,ZAMBIA,8,80,,67671,3126,2250,,771.0,,,Africa
ZIMBABWE,15418674,1.99%,29.4,6.7,2.9,21.0,0.95,34.0,3.51,89.7%,21.8%,1.5%,7.3%,zimbabwe,ZIMBABWE,33.83,21.44,8.47,2100.0,5.17,7.3,17.0,9.6,-9.6,82.3,calendar year,5.26,5.49,88.552,38.3,ZIMBABWE,48.0,2473000.0,3888000.0,800.0,,,26400.0,,7.0,ZIMBABWE,"20 00 S, 30 00 E","390,757 sq km","386,847 sq km","3,910 sq km","3,229 km",0 km,"2,592 m",162 m,39.5%,18%,42.5%,10.9%,0.3%,31.3%,"1,740 sq km",ZIMBABWE,Harare,"17 49 S, 31 02 E",Republic,18.0,ZIMBABWE,17,179,,97267,3427,223,,,,,Africa
